 format: day,hour,value location:55_112 Start : 20160401 
1,0,13.8
1,100,16.4
1,200,18.700001
1,300,20.200001
1,400,21.5
1,500,21.299999
1,600,19.799999
1,700,20.1
1,800,18.9
1,900,18.200001
1,1000,14.6
1,1100,11.8
1,1200,10.1
1,1300,10.6
1,1400,10.1
1,1500,8.8
1,1600,7.6
1,1700,8.1
1,1800,7.8
1,1900,6.9
1,2000,6.3
1,2100,5.8
1,2200,6.1
1,2300,9.4
2,0,12.5
2,100,16.5
2,200,19.4
2,300,20.4
2,400,21.299999
2,500,21.700001
2,600,20.5
2,700,20.6
2,800,19.200001
2,900,17.1
2,1000,15.2
2,1100,13.3
2,1200,12
2,1300,11.2
2,1400,10.2
2,1500,9.8
2,1600,9.3
2,1700,8.9
2,1800,8.4
2,1900,8.2
2,2000,8.5
2,2100,8.2
2,2200,8.5
2,2300,9.1
3,0,9.6
3,100,10.4
3,200,11.1
3,300,12.1
3,400,12.4
3,500,11.9
3,600,11.9
3,700,12.1
3,800,10.7
3,900,10.1
3,1000,10.2
3,1100,10.1
3,1200,9.9
3,1300,9.8
3,1400,9.6
3,1500,8.5
3,1600,8
3,1700,7.9
3,1800,7.6
3,1900,7.4
3,2000,7
3,2100,6.4
3,2200,6.5
3,2300,8.9
4,0,11.5
4,100,13.7
4,200,15.6
4,300,16.1
4,400,17.5
4,500,17.1
4,600,16.5
4,700,15.3
4,800,15.1
4,900,13.8
4,1000,11.6
4,1100,10.2
4,1200,9.6
4,1300,8.9
4,1400,8
4,1500,7.3
4,1600,6.2
4,1700,5.5
4,1800,5.1
4,1900,4.6
4,2000,3.9
4,2100,3.8
4,2200,4.6
4,2300,7.3
5,0,10.7
5,100,13.5
5,200,15.1
5,300,16.4
5,400,17.200001
5,500,17.799999
5,600,16.9
5,700,17
5,800,16.4
5,900,15.1
5,1000,12.6
5,1100,10.7
5,1200,9.9
5,1300,8.7
5,1400,7.9
5,1500,7.4
5,1600,7.1
5,1700,5.9
5,1800,5.4
5,1900,4.6
5,2000,4.1
5,2100,4
5,2200,4.9
5,2300,8.7
6,0,11.8
6,100,14.1
6,200,16.1
6,300,18.200001
6,400,19.799999
6,500,20.799999
6,600,21.1
6,700,21.700001
6,800,20.200001
6,900,17.6
6,1000,15.3
6,1100,13.7
6,1200,10.8
6,1300,10.8
6,1400,10.9
6,1500,11.4
6,1600,9.5
6,1700,9.4
6,1800,9.4
6,1900,9.5
6,2000,9.6
6,2100,9.7
6,2200,9.9
6,2300,10.4
7,0,10.9
7,100,12.2
7,200,14.7
7,300,15.6
7,400,16.1
7,500,17.1
7,600,17.200001
7,700,17
7,800,16.200001
7,900,14.3
7,1000,12.1
7,1100,11
7,1200,10.5
7,1300,9.8
7,1400,9
7,1500,8.8
7,1600,8.1
7,1700,7.5
7,1800,7.6
7,1900,7.5
7,2000,7.5
7,2100,7.3
7,2200,7.3
7,2300,7.3
8,0,8.4
8,100,11.3
8,200,15
8,300,17.4
8,400,18.799999
8,500,18.1
8,600,14.7
8,700,13.4
8,800,12.2
8,900,10.7
8,1000,9.5
8,1100,8.8
8,1200,8.9
8,1300,8.7
8,1400,8.5
8,1500,8.3
8,1600,7.8
8,1700,7.9
8,1800,7.6
8,1900,8.1
8,2000,8.3
8,2100,8.6
8,2200,9
8,2300,9.5
9,0,10
9,100,10.8
9,200,11.8
9,300,12.9
9,400,15.5
9,500,17.200001
9,600,17.9
9,700,17.5
9,800,16.6
9,900,15
9,1000,13.6
9,1100,12
9,1200,11
9,1300,10.1
9,1400,9.6
9,1500,9.7
9,1600,9.8
9,1700,9.7
9,1800,10
9,1900,10.3
9,2000,10.4
9,2100,10
9,2200,9.6
9,2300,9.8
10,0,10.5
10,100,12
10,200,14.7
10,300,17.1
10,400,19.6
10,500,19.299999
10,600,18.4
10,700,16.9
10,800,12.2
10,900,10.9
10,1000,10.2
10,1100,9.3
10,1200,9.3
10,1300,9.4
10,1400,8.8
10,1500,8.6
10,1600,7.7
10,1700,6.2
10,1800,6
10,1900,5.2
10,2000,5.6
10,2100,5.4
10,2200,6.5
10,2300,8.3
11,0,10.3
11,100,12
11,200,13.6
11,300,15.5
11,400,16.6
11,500,17.799999
11,600,18
11,700,18
11,800,17.1
11,900,15.7
11,1000,13.6
11,1100,11.1
11,1200,10.4
11,1300,9.8
11,1400,9.4
11,1500,9.2
11,1600,8.6
11,1700,8.3
11,1800,8.7
11,1900,8.7
11,2000,8.7
11,2100,7.6
11,2200,8.3
11,2300,10.1
12,0,11.8
12,100,13.6
12,200,15.6
12,300,16.5
12,400,17.6
12,500,19.200001
12,600,19.5
12,700,17.200001
12,800,16.4
12,900,15.5
12,1000,13
12,1100,12.4
12,1200,11.6
12,1300,11.3
12,1400,11.8
12,1500,11.5
12,1600,11.4
12,1700,11.9
12,1800,12
12,1900,12
12,2000,11.1
12,2100,11.4
12,2200,11.8
12,2300,12
13,0,12.4
13,100,12.5
13,200,14.1
13,300,16.200001
13,400,16.9
13,500,18.9
13,600,18.9
13,700,20.1
13,800,19.799999
13,900,18.9
13,1000,15.8
13,1100,13.9
13,1200,12.2
13,1300,11.8
13,1400,10.9
13,1500,9.7
13,1600,9.7
13,1700,9.3
13,1800,8.8
13,1900,7.8
13,2000,8.4
13,2100,8.8
13,2200,9.2
13,2300,9.5
14,0,8.6
14,100,8.6
14,200,9.3
14,300,10.3
14,400,11.3
14,500,13.1
14,600,15.7
14,700,17
14,800,16.4
14,900,15.9
14,1000,12.3
14,1100,10.3
14,1200,8.7
14,1300,7.5
14,1400,6.7
14,1500,6.9
14,1600,6.4
14,1700,6
14,1800,5.8
14,1900,5.4
14,2000,4.9
14,2100,5.2
14,2200,5.9
14,2300,6.7
15,0,7.5
15,100,11.2
15,200,17
15,300,19.9
15,400,21.799999
15,500,22.4
15,600,23
15,700,20.9
15,800,19.700001
15,900,18.200001
15,1000,16
15,1100,13.5
15,1200,11.6
15,1300,10.8
15,1400,9.9
15,1500,8.9
15,1600,8.3
15,1700,8.2
15,1800,7.9
15,1900,7.8
15,2000,7.5
15,2100,6.5
15,2200,7.7
15,2300,11.7
16,0,15
16,100,16.5
16,200,18.6
16,300,18.5
16,400,19
16,500,19.5
16,600,18.9
16,700,17.200001
16,800,15.9
16,900,14
16,1000,12.9
16,1100,13
16,1200,13.6
16,1300,14.4
16,1400,15.7
16,1500,14.4
16,1600,12.7
16,1700,10.8
16,1800,9.5
16,1900,9.9
16,2000,9.1
16,2100,9
16,2200,8.8
16,2300,9.7
17,0,9.8
17,100,11.2
17,200,12.1
17,300,12.6
17,400,13.1
17,500,13.8
17,600,14.6
17,700,14.5
17,800,14.4
17,900,13
17,1000,10.7
17,1100,9.7
17,1200,9.3
17,1300,9.3
17,1400,9.2
17,1500,8.7
17,1600,8.5
17,1700,8.2
17,1800,8.3
17,1900,7.8
17,2000,6.6
17,2100,5.8
17,2200,7.1
17,2300,9.7
18,0,12.3
18,100,14.3
18,200,15.7
18,300,16.5
18,400,16.4
18,500,15.4
18,600,14.4
18,700,14
18,800,12.9
18,900,11
18,1000,10.2
18,1100,9.9
18,1200,9
18,1300,7.9
18,1400,7.7
18,1500,7.3
18,1600,6.9
18,1700,6.7
18,1800,7
18,1900,6.8
18,2000,6.6
18,2100,6.6
18,2200,7.1
18,2300,8.3
19,0,10.2
19,100,11.3
19,200,12.9
19,300,14.3
19,400,15
19,500,16.299999
19,600,17.4
19,700,17.200001
19,800,15.2
19,900,14.1
19,1000,11.9
19,1100,10.4
19,1200,10
19,1300,9.7
19,1400,9.4
19,1500,8.5
19,1600,8.2
19,1700,8.5
19,1800,8
19,1900,7.4
19,2000,7.4
19,2100,7.4
19,2200,8.1
19,2300,9.7
20,0,12.8
20,100,14.9
20,200,16.4
20,300,17.6
20,400,15.6
20,500,15.5
20,600,15.9
20,700,14.2
20,800,14.1
20,900,13.1
20,1000,12.4
20,1100,11.6
20,1200,11.4
20,1300,11.1
20,1400,10.9
20,1500,10.4
20,1600,10.5
20,1700,10.6
20,1800,10.2
20,1900,10.4
20,2000,10.1
20,2100,10.3
20,2200,10.3
20,2300,10.5
21,0,11
21,100,11.5
21,200,12.2
21,300,13
21,400,15.4
21,500,16.700001
21,600,17.700001
21,700,18.299999
21,800,17.1
21,900,15.5
21,1000,14.3
21,1100,14
21,1200,13.3
21,1300,12.5
21,1400,12.5
21,1500,12.8
21,1600,12.7
21,1700,12.5
21,1800,11.8
21,1900,11.4
21,2000,11.1
21,2100,11.1
21,2200,11.9
21,2300,13.2
22,0,14.4
22,100,16.299999
22,200,18.700001
22,300,20.4
22,400,20.4
22,500,19.5
22,600,17.4
22,700,15.2
22,800,13.9
22,900,12.6
22,1000,11.8
22,1100,11.5
22,1200,11.5
22,1300,11.6
22,1400,11.1
22,1500,10.5
22,1600,10.1
22,1700,10
22,1800,9.1
22,1900,8.9
22,2000,8.8
22,2100,8.5
22,2200,9.1
22,2300,9.9
23,0,10.8
23,100,11.8
23,200,13.6
23,300,15.5
23,400,16.9
23,500,17.9
23,600,17.5
23,700,17.6
23,800,15.9
23,900,14.9
23,1000,13.7
23,1100,12.9
23,1200,11.5
23,1300,9.7
23,1400,8.4
23,1500,7.5
23,1600,7.2
23,1700,6.5
23,1800,6.3
23,1900,5.5
23,2000,5.4
23,2100,5.8
23,2200,6.9
23,2300,9.6
24,0,12.7
24,100,14.9
24,200,16.1
24,300,17.4
24,400,19.4
24,500,20.4
24,600,20.799999
24,700,21.200001
24,800,20.700001
24,900,18.4
24,1000,15
24,1100,12.8
24,1200,11.5
24,1300,10.3
24,1400,9.3
24,1500,8.5
24,1600,7.9
24,1700,7.8
24,1800,7.8
24,1900,7.2
24,2000,7.8
24,2100,7.4
24,2200,8.4
24,2300,11.8
25,0,14.7
25,100,17.200001
25,200,18.700001
25,300,20.700001
25,400,22.200001
25,500,23.299999
25,600,23.200001
25,700,22.1
25,800,20.200001
25,900,17.9
25,1000,15.5
25,1100,13.1
25,1200,12
25,1300,11
25,1400,10.6
25,1500,10.3
25,1600,10.2
25,1700,9.3
25,1800,8.9
25,1900,8.7
25,2000,8
25,2100,7.9
25,2200,10
25,2300,13.6
26,0,16.4
26,100,18.4
26,200,21
26,300,23.4
26,400,25
26,500,25.700001
26,600,25.9
26,700,24.4
26,800,22.4
26,900,20.4
26,1000,19.4
26,1100,18.5
26,1200,18
26,1300,16.9
26,1400,16.299999
26,1500,16.1
26,1600,15.8
26,1700,15.5
26,1800,16.200001
26,1900,16.200001
26,2000,16.6
26,2100,16.5
26,2200,15.9
26,2300,15.5
27,0,15.3
27,100,15.5
27,200,15.6
27,300,16
27,400,15.3
27,500,14.2
27,600,14
27,700,13.5
27,800,12.9
27,900,12.3
27,1000,12
27,1100,12.1
27,1200,12.4
27,1300,12.5
27,1400,12.4
27,1500,11.6
27,1600,11.7
27,1700,11.5
27,1800,11.3
27,1900,11.2
27,2000,10.8
27,2100,10.5
27,2200,11.2
27,2300,12.3
28,0,14.3
28,100,15.3
28,200,17
28,300,18.700001
28,400,19.299999
28,500,19.9
28,600,19.5
28,700,19.299999
28,800,18.700001
28,900,18.200001
28,1000,15.7
28,1100,13.5
28,1200,12.3
28,1300,11.3
28,1400,10.7
28,1500,9.9
28,1600,9.7
28,1700,9.1
28,1800,9
28,1900,8.6
28,2000,8.3
28,2100,7.5
28,2200,9.2
28,2300,12.3
29,0,14.6
29,100,16.6
29,200,17.4
29,300,18.6
29,400,19.9
29,500,19.799999
29,600,20.1
29,700,19.6
29,800,18.700001
29,900,17.9
29,1000,15.8
29,1100,13.8
29,1200,12.7
29,1300,11.6
29,1400,10.9
29,1500,10.2
29,1600,9.9
29,1700,9.7
29,1800,9.4
29,1900,9.7
29,2000,9.8
29,2100,10.5
29,2200,11.6
29,2300,13.6
30,0,16
30,100,17.799999
30,200,19.4
30,300,19.200001
30,400,19.4
30,500,19.200001
30,600,21
30,700,20.299999
30,800,19.4
30,900,17.799999
30,1000,16.4
30,1100,15.5
30,1200,14.9
30,1300,14.8
30,1400,15
30,1500,14.8
30,1600,14.2
30,1700,14.3
30,1800,14.3
30,1900,14.5
30,2000,14.1
30,2100,13.6
30,2200,15.1
30,2300,16.200001
 Start : 20160501 ,,
1,0,17.9
1,100,20.6
1,200,22
1,300,22.6
1,400,23.700001
1,500,23.700001
1,600,23.5
1,700,22.6
1,800,21.4
1,900,20.700001
1,1000,19
1,1100,17.700001
1,1200,17.4
1,1300,17.4
1,1400,17.5
1,1500,17.200001
1,1600,16.200001
1,1700,15.9
1,1800,15.7
1,1900,15.2
1,2000,14.5
1,2100,14.1
1,2200,16.6
1,2300,18.5
2,0,21.4
2,100,23.200001
2,200,24.5
2,300,25.700001
2,400,25.799999
2,500,26.1
2,600,24.9
2,700,20.299999
2,800,19.6
2,900,19.5
2,1000,18
2,1100,17.5
2,1200,17.1
2,1300,16.700001
2,1400,16.799999
2,1500,16.799999
2,1600,17.200001
2,1700,17.4
2,1800,17.5
2,1900,17.799999
2,2000,17.700001
2,2100,17.4
2,2200,17.5
2,2300,18
3,0,17
3,100,15.7
3,200,12.4
3,300,11.6
3,400,10.7
3,500,10.2
3,600,11.1
3,700,11
3,800,10.8
3,900,10.8
3,1000,10.2
3,1100,10
3,1200,10.3
3,1300,10.8
3,1400,10.8
3,1500,11.2
3,1600,11.5
3,1700,11.9
3,1800,12.5
3,1900,12.9
3,2000,13
3,2100,13.6
3,2200,14.6
3,2300,15.8
4,0,17.6
4,100,19.5
4,200,20.200001
4,300,21
4,400,20.799999
4,500,20.5
4,600,18.299999
4,700,18.200001
4,800,17.700001
4,900,17.299999
4,1000,15.6
4,1100,14.5
4,1200,13.7
4,1300,12.5
4,1400,11.4
4,1500,10.7
4,1600,10.6
4,1700,10.3
4,1800,9.9
4,1900,9.8
4,2000,8.6
4,2100,8.4
4,2200,10.5
4,2300,13.8
5,0,16.9
5,100,19.4
5,200,21.5
5,300,22.9
5,400,24.200001
5,500,25.799999
5,600,25.799999
5,700,24.299999
5,800,23.700001
5,900,22.799999
5,1000,22.299999
5,1100,22.200001
5,1200,21.5
5,1300,20.700001
5,1400,19.1
5,1500,19.1
5,1600,18.6
5,1700,17.700001
5,1800,17.200001
5,1900,17
5,2000,17.6
5,2100,17.200001
5,2200,18.200001
5,2300,18.299999
6,0,18.9
6,100,19.4
6,200,19.5
6,300,20.1
6,400,19.700001
6,500,18.799999
6,600,17.200001
6,700,16
6,800,14.4
6,900,14
6,1000,13.3
6,1100,14
6,1200,11.8
6,1300,11.5
6,1400,10.8
6,1500,10.4
6,1600,10.4
6,1700,9.9
6,1800,9.7
6,1900,9.4
6,2000,9.1
6,2100,8.8
6,2200,9.9
6,2300,12.6
7,0,15.3
7,100,17.4
7,200,19.5
7,300,20.1
7,400,20.200001
7,500,20.799999
7,600,20.5
7,700,20.700001
7,800,18.9
7,900,17.799999
7,1000,16.1
7,1100,14.5
7,1200,13.4
7,1300,13.1
7,1400,12.2
7,1500,11.6
7,1600,10.7
7,1700,9.9
7,1800,9
7,1900,8.7
7,2000,8.4
7,2100,8.5
7,2200,11
7,2300,14
8,0,15.9
8,100,18.299999
8,200,21
8,300,23.4
8,400,24.6
8,500,25.200001
8,600,25.5
8,700,23.9
8,800,22.799999
8,900,21.299999
8,1000,19.1
8,1100,16.4
8,1200,15
8,1300,14.8
8,1400,14.4
8,1500,14.4
8,1600,14
8,1700,13.7
8,1800,13.5
8,1900,12.4
8,2000,11.5
8,2100,11.6
8,2200,14.2
8,2300,15
9,0,17.200001
9,100,20.5
9,200,21.200001
9,300,21.9
9,400,23.200001
9,500,23.4
9,600,22.299999
9,700,20.4
9,800,19.299999
9,900,17.700001
9,1000,15.8
9,1100,15.4
9,1200,15.3
9,1300,15.2
9,1400,15.2
9,1500,15.1
9,1600,14.9
9,1700,15.2
9,1800,15.2
9,1900,14
9,2000,13.5
9,2100,12.8
9,2200,11.8
9,2300,11.9
10,0,12
10,100,12.2
10,200,12.9
10,300,13.7
10,400,14
10,500,14.4
10,600,14.9
10,700,14.4
10,800,14.3
10,900,14
10,1000,13.9
10,1100,13.7
10,1200,12.8
10,1300,12.4
10,1400,12.3
10,1500,13
10,1600,13.1
10,1700,12.7
10,1800,12.2
10,1900,11.5
10,2000,10.8
10,2100,10.2
10,2200,12.6
10,2300,14.3
11,0,16
11,100,17.200001
11,200,18.6
11,300,19.1
11,400,20.4
11,500,20.6
11,600,21.5
11,700,21.299999
11,800,20.700001
11,900,18.200001
11,1000,16.4
11,1100,14.6
11,1200,13
11,1300,12.6
11,1400,12.2
11,1500,11.7
11,1600,11.4
11,1700,11.1
11,1800,10.5
11,1900,10.9
11,2000,11.1
11,2100,12
11,2200,14.3
11,2300,16.6
12,0,18
12,100,19.299999
12,200,20.5
12,300,21.4
12,400,21.5
12,500,21.5
12,600,21.200001
12,700,20.6
12,800,20.4
12,900,20.299999
12,1000,17.799999
12,1100,16.1
12,1200,14.8
12,1300,14.2
12,1400,13.9
12,1500,13.7
12,1600,13.5
12,1700,12.4
12,1800,12.1
12,1900,12.1
12,2000,11.9
12,2100,11.8
12,2200,12.1
12,2300,12.8
13,0,14.6
13,100,15.9
13,200,16.6
13,300,17.200001
13,400,18.1
13,500,18.700001
13,600,20.1
13,700,20.299999
13,800,20.4
13,900,20.1
13,1000,18.4
13,1100,16.299999
13,1200,15.1
13,1300,14.5
13,1400,13.5
13,1500,12.8
13,1600,12.2
13,1700,12.7
13,1800,14
13,1900,13.6
13,2000,12.9
13,2100,12.2
13,2200,14.7
13,2300,16.799999
14,0,18.200001
14,100,20.200001
14,200,21.6
14,300,22.700001
14,400,23.9
14,500,24.1
14,600,24.700001
14,700,24.200001
14,800,23.200001
14,900,21.299999
14,1000,19.9
14,1100,17.5
14,1200,16.9
14,1300,16.4
14,1400,15.6
14,1500,14.9
14,1600,14.2
14,1700,13.8
14,1800,13.4
14,1900,13.3
14,2000,12.8
14,2100,13.1
14,2200,14.9
14,2300,17
15,0,18.700001
15,100,21
15,200,22.1
15,300,23.6
15,400,23.700001
15,500,22.299999
15,600,22.299999
15,700,20.6
15,800,19.5
15,900,17.6
15,1000,14.4
15,1100,12.9
15,1200,11.8
15,1300,11.5
15,1400,11.3
15,1500,11.2
15,1600,11
15,1700,10.7
15,1800,10.1
15,1900,9.8
15,2000,10
15,2100,10.7
15,2200,11.3
15,2300,13
16,0,14.8
16,100,16.200001
16,200,17.799999
16,300,18.5
16,400,19.1
16,500,20
16,600,20.700001
16,700,20.799999
16,800,20.700001
16,900,18.799999
16,1000,16.700001
16,1100,15.1
16,1200,13.8
16,1300,13.1
16,1400,12.8
16,1500,12.2
16,1600,12.2
16,1700,12
16,1800,11.7
16,1900,11.1
16,2000,10
16,2100,9.7
16,2200,12.4
16,2300,15.1
17,0,16.9
17,100,19.200001
17,200,21.200001
17,300,23.200001
17,400,24.5
17,500,24.299999
17,600,24.200001
17,700,23.799999
17,800,23.799999
17,900,23.4
17,1000,21.299999
17,1100,18.9
17,1200,17.200001
17,1300,15.9
17,1400,14.9
17,1500,14.1
17,1600,13.7
17,1700,13.3
17,1800,12.6
17,1900,11.8
17,2000,11.2
17,2100,11.4
17,2200,14
17,2300,17.299999
18,0,20.6
18,100,22.700001
18,200,24.799999
18,300,25.299999
18,400,26.299999
18,500,26.6
18,600,26.9
18,700,27.299999
18,800,26.200001
18,900,24.4
18,1000,21.299999
18,1100,18.700001
18,1200,17.700001
18,1300,16.6
18,1400,15.7
18,1500,15.4
18,1600,15
18,1700,13.9
18,1800,13.7
18,1900,12.8
18,2000,12.2
18,2100,12.1
18,2200,15.5
18,2300,18.5
19,0,21.299999
19,100,23.6
19,200,26
19,300,27.1
19,400,28.200001
19,500,29.1
19,600,29.5
19,700,28.9
19,800,27.700001
19,900,25.6
19,1000,23.200001
19,1100,21
19,1200,19
19,1300,18.1
19,1400,17.4
19,1500,17.200001
19,1600,16.200001
19,1700,14.8
19,1800,13.7
19,1900,13.2
19,2000,12.9
19,2100,12.9
19,2200,15.1
19,2300,18.5
20,0,20.6
20,100,22.700001
20,200,24.700001
20,300,26.700001
20,400,27.5
20,500,28.200001
20,600,26.5
20,700,26.299999
20,800,24.799999
20,900,23.200001
20,1000,21.299999
20,1100,19.5
20,1200,18.9
20,1300,18
20,1400,17
20,1500,16.6
20,1600,16.5
20,1700,15.9
20,1800,15.8
20,1900,16.1
20,2000,15.3
20,2100,15.5
20,2200,18.299999
20,2300,20.200001
21,0,21.299999
21,100,23.6
21,200,25.4
21,300,27.6
21,400,27.9
21,500,28.299999
21,600,28.799999
21,700,28.5
21,800,28.4
21,900,27.200001
21,1000,24.200001
21,1100,21
21,1200,19.6
21,1300,18.6
21,1400,17.6
21,1500,17
21,1600,16.5
21,1700,15.8
21,1800,15.8
21,1900,14.8
21,2000,15
21,2100,15.6
21,2200,16.9
21,2300,19.700001
22,0,22.6
22,100,24.200001
22,200,25.700001
22,300,27.1
22,400,27.299999
22,500,28.6
22,600,29.1
22,700,29.200001
22,800,29
22,900,26.4
22,1000,23.299999
22,1100,20.5
22,1200,19
22,1300,18
22,1400,17
22,1500,16.4
22,1600,15.5
22,1700,15.3
22,1800,14.7
22,1900,13.8
22,2000,13.7
22,2100,13.5
22,2200,16.799999
22,2300,19.299999
23,0,21.299999
23,100,23.200001
23,200,25.700001
23,300,27
23,400,27.5
23,500,28.299999
23,600,26.1
23,700,25.200001
23,800,24.4
23,900,22.5
23,1000,19.299999
23,1100,17.6
23,1200,17.9
23,1300,18.1
23,1400,18.299999
23,1500,18.5
23,1600,18.4
23,1700,16.9
23,1800,17
23,1900,17.299999
23,2000,17.299999
23,2100,17.1
23,2200,17
23,2300,16.4
24,0,15.3
24,100,15
24,200,15
24,300,16.1
24,400,17
24,500,18
24,600,19.5
24,700,20.6
24,800,19.700001
24,900,19
24,1000,17.6
24,1100,16.200001
24,1200,14.8
24,1300,14.6
24,1400,14
24,1500,14.1
24,1600,14.1
24,1700,14.5
24,1800,15
24,1900,14.9
24,2000,14.3
24,2100,14.8
24,2200,15.5
24,2300,16.299999
25,0,17.9
25,100,18.799999
25,200,20.299999
25,300,21.6
25,400,22.700001
25,500,22.9
25,600,23.1
25,700,23
25,800,22.6
25,900,21.6
25,1000,20.200001
25,1100,18.799999
25,1200,18.299999
25,1300,18.1
25,1400,17.799999
25,1500,17.799999
25,1600,17.1
25,1700,17
25,1800,17
25,1900,17.1
25,2000,16.5
25,2100,16.5
25,2200,17.200001
25,2300,18.5
26,0,19.5
26,100,20.4
26,200,20.6
26,300,20.700001
26,400,21.4
26,500,21.6
26,600,20.6
26,700,21.1
26,800,21.200001
26,900,20.1
26,1000,18.799999
26,1100,17.700001
26,1200,17
26,1300,16.299999
26,1400,16.4
26,1500,15.9
26,1600,15.7
26,1700,15.3
26,1800,15
26,1900,15.1
26,2000,14.9
26,2100,14.5
26,2200,14.6
26,2300,15.6
27,0,17.799999
27,100,19.6
27,200,21.9
27,300,23.9
27,400,25.1
27,500,25.4
27,600,24.1
27,700,22.6
27,800,23
27,900,22.799999
27,1000,20.299999
27,1100,19.299999
27,1200,18.4
27,1300,18
27,1400,17.6
27,1500,17
27,1600,16.4
27,1700,15.2
27,1800,15.6
27,1900,16.1
27,2000,15.9
27,2100,15.2
27,2200,16.1
27,2300,17.700001
28,0,19.200001
28,100,21.200001
28,200,22.4
28,300,23.4
28,400,24.200001
28,500,24.799999
28,600,24.5
28,700,23.9
28,800,23.299999
28,900,22.9
28,1000,21.200001
28,1100,18.799999
28,1200,16.799999
28,1300,15.8
28,1400,15
28,1500,15.1
28,1600,14.5
28,1700,15
28,1800,15.3
28,1900,15.5
28,2000,15.5
28,2100,16
28,2200,16.299999
28,2300,16.799999
29,0,16.9
29,100,18
29,200,20
29,300,21.4
29,400,23.5
29,500,24.200001
29,600,24.9
29,700,25
29,800,24.6
29,900,22.700001
29,1000,20.799999
29,1100,19.200001
29,1200,18
29,1300,17.1
29,1400,16.5
29,1500,16
29,1600,15.6
29,1700,15
29,1800,14.8
29,1900,14.6
29,2000,14.2
29,2100,14.5
29,2200,16.200001
29,2300,18.4
30,0,20.5
30,100,22.1
30,200,23.799999
30,300,25.1
30,400,26.200001
30,500,26.9
30,600,27.6
30,700,27
30,800,26.1
30,900,24.200001
30,1000,22.299999
30,1100,20.9
30,1200,19.4
30,1300,18.799999
30,1400,18.1
30,1500,17.799999
30,1600,17.299999
30,1700,16.799999
30,1800,16.5
30,1900,16.200001
30,2000,15.7
30,2100,15.7
30,2200,17.1
30,2300,19.299999
31,0,21.200001
31,100,22.700001
31,200,23.700001
31,300,23.200001
31,400,24.1
31,500,24.799999
31,600,26.5
31,700,26.200001
31,800,23.6
31,900,22.6
31,1000,21.299999
31,1100,19.4
31,1200,18.799999
31,1300,18.200001
31,1400,17.5
31,1500,16.700001
31,1600,16.6
31,1700,16.200001
31,1800,15.9
31,1900,16.1
31,2000,16.4
31,2100,16.700001
31,2200,17.6
31,2300,19.200001
 Start : 20160601 ,,
1,0,21.6
1,100,22.9
1,200,24.4
1,300,25
1,400,26.299999
1,500,27
1,600,27.5
1,700,27.6
1,800,27.700001
1,900,25
1,1000,22.6
1,1100,21.200001
1,1200,20
1,1300,19.1
1,1400,17.9
1,1500,16.799999
1,1600,16.5
1,1700,15.9
1,1800,15.8
1,1900,16.200001
1,2000,15.5
1,2100,16.1
1,2200,17.9
1,2300,19.799999
2,0,21.799999
2,100,23.299999
2,200,24.799999
2,300,25.6
2,400,26.6
2,500,26.299999
2,600,26.700001
2,700,26.6
2,800,26.5
2,900,25.5
2,1000,23.4
2,1100,21.200001
2,1200,19.700001
2,1300,18.700001
2,1400,17.9
2,1500,17.299999
2,1600,17.1
2,1700,16.799999
2,1800,16.799999
2,1900,16.5
2,2000,16.200001
2,2100,16.200001
2,2200,17.200001
2,2300,18.700001
3,0,20.5
3,100,22.799999
3,200,23.9
3,300,24.799999
3,400,25.200001
3,500,25.700001
3,600,25.9
3,700,24.9
3,800,24
3,900,23.5
3,1000,21.799999
3,1100,20.299999
3,1200,19
3,1300,18.4
3,1400,17.799999
3,1500,18.1
3,1600,17.799999
3,1700,17.700001
3,1800,17.4
3,1900,17.299999
3,2000,16.6
3,2100,17.1
3,2200,17.299999
3,2300,18.4
4,0,19.1
4,100,19.6
4,200,19.799999
4,300,20
4,400,19.6
4,500,19.799999
4,600,19.799999
4,700,19.5
4,800,19.200001
4,900,19.4
4,1000,18.700001
4,1100,17.6
4,1200,16.799999
4,1300,16.799999
4,1400,16.4
4,1500,16.1
4,1600,15.8
4,1700,15.9
4,1800,14.9
4,1900,14.4
4,2000,14.3
4,2100,14.8
4,2200,16.4
4,2300,19.1
5,0,21.6
5,100,22.9
5,200,24.6
5,300,25.9
5,400,27.299999
5,500,27.6
5,600,28.1
5,700,27.799999
5,800,26.799999
5,900,26.1
5,1000,23.799999
5,1100,21.5
5,1200,20
5,1300,19.4
5,1400,18.299999
5,1500,18.1
5,1600,18.299999
5,1700,19.200001
5,1800,19.4
5,1900,18.299999
5,2000,17.6
5,2100,18.200001
5,2200,19.299999
5,2300,20.700001
6,0,21.4
6,100,21.5
6,200,22.799999
6,300,23.5
6,400,23.1
6,500,24.1
6,600,23.6
6,700,21.799999
6,800,21.5
6,900,21.4
6,1000,20.9
6,1100,20.4
6,1200,19.6
6,1300,19.4
6,1400,19.200001
6,1500,18.9
6,1600,18.6
6,1700,18.4
6,1800,17.6
6,1900,18
6,2000,17.1
6,2100,17.6
6,2200,18.200001
6,2300,19.200001
7,0,20.700001
7,100,22.200001
7,200,23
7,300,23.5
7,400,25.299999
7,500,25.1
7,600,24.9
7,700,23.9
7,800,23.4
7,900,21.700001
7,1000,20.1
7,1100,18.4
7,1200,17.9
7,1300,17.4
7,1400,16.799999
7,1500,16.799999
7,1600,16.700001
7,1700,16.9
7,1800,16.799999
7,1900,17.200001
7,2000,17.200001
7,2100,17
7,2200,17.6
7,2300,18
8,0,18.9
8,100,20.4
8,200,21.799999
8,300,22.299999
8,400,22.6
8,500,23.5
8,600,24.1
8,700,25.1
8,800,23.700001
8,900,23
8,1000,21.299999
8,1100,19.799999
8,1200,19
8,1300,18.299999
8,1400,18.299999
8,1500,18
8,1600,17.200001
8,1700,16.700001
8,1800,16.299999
8,1900,16.4
8,2000,16.4
8,2100,16.4
8,2200,17.1
8,2300,17.9
9,0,19.200001
9,100,21.1
9,200,23
9,300,25
9,400,26.5
9,500,26.9
9,600,27.6
9,700,27
9,800,26.299999
9,900,24.299999
9,1000,22.6
9,1100,21
9,1200,19.700001
9,1300,19.1
9,1400,18.6
9,1500,17.799999
9,1600,17.700001
9,1700,17.299999
9,1800,17.4
9,1900,16.799999
9,2000,16.200001
9,2100,17.6
9,2200,19.1
9,2300,20.9
10,0,23.299999
10,100,25.299999
10,200,26.1
10,300,27.200001
10,400,26.700001
10,500,27.700001
10,600,26.700001
10,700,25.700001
10,800,25
10,900,24.6
10,1000,22.9
10,1100,21.6
10,1200,20.200001
10,1300,19.9
10,1400,20.200001
10,1500,20.299999
10,1600,20.4
10,1700,20.200001
10,1800,19.799999
10,1900,19.9
10,2000,19.700001
10,2100,20.4
10,2200,20.6
10,2300,21.299999
11,0,22
11,100,23
11,200,25.700001
11,300,26.5
11,400,26.299999
11,500,27.200001
11,600,27
11,700,25.9
11,800,26
11,900,25.1
11,1000,24.299999
11,1100,23.4
11,1200,23.1
11,1300,22.700001
11,1400,22.5
11,1500,22.6
11,1600,22
11,1700,21.799999
11,1800,21.5
11,1900,21.4
11,2000,21.299999
11,2100,21.200001
11,2200,21.5
11,2300,22.200001
12,0,22.1
12,100,22.700001
12,200,23.4
12,300,24.4
12,400,23.799999
12,500,24.200001
12,600,24.799999
12,700,23
12,800,22.1
12,900,22.299999
12,1000,21.6
12,1100,20.799999
12,1200,20.200001
12,1300,18.700001
12,1400,18.299999
12,1500,18.1
12,1600,17.799999
12,1700,17.5
12,1800,17.4
12,1900,17.4
12,2000,17.5
12,2100,17.700001
12,2200,18.1
12,2300,18.700001
13,0,19.799999
13,100,20.5
13,200,21.6
13,300,23.1
13,400,24.200001
13,500,25.5
13,600,25.700001
13,700,26.299999
13,800,25.6
13,900,24.700001
13,1000,22.6
13,1100,20.9
13,1200,19.700001
13,1300,19.1
13,1400,19
13,1500,18.5
13,1600,18.4
13,1700,18
13,1800,17.799999
13,1900,17.799999
13,2000,17.799999
13,2100,17.700001
13,2200,18.700001
13,2300,20.200001
14,0,20.700001
14,100,21.700001
14,200,23.299999
14,300,24.4
14,400,26
14,500,26.200001
14,600,26.5
14,700,24.5
14,800,24
14,900,22.9
14,1000,22.1
14,1100,21.6
14,1200,21
14,1300,20.9
14,1400,20.700001
14,1500,20.200001
14,1600,19.700001
14,1700,19.4
14,1800,18.6
14,1900,19
14,2000,19.4
14,2100,18.700001
14,2200,18.5
14,2300,18.6
15,0,20
15,100,22.299999
15,200,24.299999
15,300,24.5
15,400,23.6
15,500,22.799999
15,600,21.1
15,700,20.799999
15,800,21.200001
15,900,20.9
15,1000,20.799999
15,1100,20.5
15,1200,20.4
15,1300,20.200001
15,1400,19.700001
15,1500,19.200001
15,1600,19
15,1700,18.6
15,1800,18.4
15,1900,18.1
15,2000,18.1
15,2100,18.1
15,2200,18.200001
15,2300,18.9
16,0,19.6
16,100,20.5
16,200,20.9
16,300,21.9
16,400,23.200001
16,500,24
16,600,23.6
16,700,23.700001
16,800,22.9
16,900,22.5
16,1000,21
16,1100,19.799999
16,1200,19
16,1300,18.5
16,1400,18.200001
16,1500,18.1
16,1600,17.9
16,1700,17.9
16,1800,17.9
16,1900,17.6
16,2000,17.5
16,2100,17.6
16,2200,19
16,2300,20.700001
17,0,22.4
17,100,23.9
17,200,24.799999
17,300,26.5
17,400,27.6
17,500,27.6
17,600,27.4
17,700,26.700001
17,800,26.1
17,900,25.1
17,1000,23.9
17,1100,22.6
17,1200,21.799999
17,1300,21.200001
17,1400,20.6
17,1500,20.1
17,1600,19.6
17,1700,19.6
17,1800,19.299999
17,1900,18.4
17,2000,17.799999
17,2100,18
17,2200,18.799999
17,2300,20.200001
18,0,21.9
18,100,23.4
18,200,24.799999
18,300,25.799999
18,400,26.4
18,500,27.1
18,600,27.4
18,700,27.6
18,800,26.9
18,900,25.299999
18,1000,22.799999
18,1100,21.200001
18,1200,20.5
18,1300,20.1
18,1400,19.799999
18,1500,19.700001
18,1600,19.4
18,1700,19.200001
18,1800,19.4
18,1900,19.1
18,2000,18.6
18,2100,19.1
18,2200,20.299999
18,2300,22.299999
19,0,23.700001
19,100,24.9
19,200,25.200001
19,300,25.5
19,400,26.200001
19,500,26.700001
19,600,26.4
19,700,26.1
19,800,25.200001
19,900,25.200001
19,1000,22.9
19,1100,21.6
19,1200,20.700001
19,1300,20.1
19,1400,19.4
19,1500,19.200001
19,1600,19.1
19,1700,18.6
19,1800,18.4
19,1900,18.6
19,2000,18.700001
19,2100,18.799999
19,2200,19.299999
19,2300,20.6
20,0,21.799999
20,100,22.700001
20,200,23.299999
20,300,25.299999
20,400,26.200001
20,500,27.299999
20,600,28.6
20,700,27.799999
20,800,27.700001
20,900,27.6
20,1000,26
20,1100,24.200001
20,1200,23.299999
20,1300,22.4
20,1400,21.799999
20,1500,21.1
20,1600,20.700001
20,1700,20.299999
20,1800,20.1
20,1900,19.700001
20,2000,19
20,2100,19.4
20,2200,20.5
20,2300,21.6
21,0,24
21,100,24.9
21,200,27.9
21,300,27.4
21,400,27.6
21,500,27.799999
21,600,27.200001
21,700,26.299999
21,800,25.6
21,900,25.799999
21,1000,25
21,1100,23.799999
21,1200,22.6
21,1300,22.200001
21,1400,21.799999
21,1500,21.5
21,1600,21.5
21,1700,21.299999
21,1800,21.4
21,1900,20.799999
21,2000,20.299999
21,2100,20.299999
21,2200,21.799999
21,2300,24.1
22,0,26
22,100,27.200001
22,200,28
22,300,29.4
22,400,28.799999
22,500,27
22,600,25.4
22,700,25
22,800,25.1
22,900,24.5
22,1000,23.700001
22,1100,23.799999
22,1200,23.200001
22,1300,22.9
22,1400,22.1
22,1500,21.700001
22,1600,20.6
22,1700,20.299999
22,1800,19.799999
22,1900,20.299999
22,2000,19.5
22,2100,19.4
22,2200,21.299999
22,2300,23.5
23,0,25.6
23,100,26.700001
23,200,27.4
23,300,29
23,400,29.9
23,500,29.4
23,600,29
23,700,28.1
23,800,25.799999
23,900,23.9
23,1000,23.1
23,1100,22.6
23,1200,22.299999
23,1300,22.299999
23,1400,22
23,1500,21.9
23,1600,21.700001
23,1700,21.4
23,1800,21.200001
23,1900,21
23,2000,20.5
23,2100,19.799999
23,2200,19.799999
23,2300,19.5
24,0,19.799999
24,100,20
24,200,20
24,300,20.4
24,400,22
24,500,22.5
24,600,24.200001
24,700,23.6
24,800,22.5
24,900,22
24,1000,21
24,1100,19.700001
24,1200,19.299999
24,1300,19.200001
24,1400,19.1
24,1500,19
24,1600,18.700001
24,1700,18.700001
24,1800,18.799999
24,1900,18.700001
24,2000,18.1
24,2100,18.299999
24,2200,19.9
24,2300,21.700001
25,0,22.6
25,100,23.799999
25,200,24.6
25,300,25.4
25,400,25.9
25,500,26.200001
25,600,26.200001
25,700,25.9
25,800,25.6
25,900,24.200001
25,1000,22.299999
25,1100,21
25,1200,20.299999
25,1300,19.6
25,1400,19
25,1500,18.299999
25,1600,18.200001
25,1700,17.799999
25,1800,17.5
25,1900,17.4
25,2000,17.4
25,2100,17.700001
25,2200,19.299999
25,2300,21.299999
26,0,23.4
26,100,24.799999
26,200,25.4
26,300,26.200001
26,400,27.700001
26,500,28.5
26,600,28.4
26,700,28.299999
26,800,27.700001
26,900,27
26,1000,25.299999
26,1100,23.5
26,1200,22
26,1300,21.5
26,1400,21.1
26,1500,19.6
26,1600,19
26,1700,18.6
26,1800,17.6
26,1900,17.200001
26,2000,17.299999
26,2100,17
26,2200,18.799999
26,2300,20.5
27,0,23
27,100,24.6
27,200,25.6
27,300,25.9
27,400,26.299999
27,500,25.6
27,600,27.700001
27,700,27.299999
27,800,27.4
27,900,26.200001
27,1000,24.4
27,1100,24.4
27,1200,24.4
27,1300,24.4
27,1400,19.700001
27,1500,19.5
27,1600,19.299999
27,1700,18.9
27,1800,18.700001
27,1900,18.299999
27,2000,18.700001
27,2100,18.5
27,2200,19.299999
27,2300,20.799999
28,0,21.6
28,100,23.799999
28,200,24.9
28,300,26
28,400,27
28,500,27
28,600,27.4
28,700,26.9
28,800,25.9
28,900,25.1
28,1000,24.200001
28,1100,23.1
28,1200,22.4
28,1300,22.200001
28,1400,21.6
28,1500,21
28,1600,20.5
28,1700,20.6
28,1800,20
28,1900,20.5
28,2000,20.700001
28,2100,20.6
28,2200,21.5
28,2300,22.6
29,0,23.9
29,100,25.1
29,200,26.200001
29,300,26.700001
29,400,26.299999
29,500,26.9
29,600,25.700001
29,700,26.6
29,800,25.6
29,900,24.5
29,1000,23.799999
29,1100,22.6
29,1200,22.1
29,1300,21.700001
29,1400,21.9
29,1500,22.1
29,1600,22.200001
29,1700,22.299999
29,1800,22.1
29,1900,22
29,2000,22
29,2100,22.200001
29,2200,22.5
29,2300,23.5
30,0,24.5
30,100,24.9
30,200,25.200001
30,300,25.9
30,400,26.200001
30,500,27.1
30,600,26.1
30,700,25.5
30,800,25.299999
30,900,24.6
30,1000,23.4
30,1100,22.6
30,1200,22.4
30,1300,22.6
30,1400,22.700001
30,1500,22.6
30,1600,22.200001
30,1700,22.299999
30,1800,22.1
30,1900,22.700001
30,2000,22.6
30,2100,23.200001
30,2200,23.5
30,2300,24.1
 Start : 20160701 ,,
1,0,25
1,100,25.799999
1,200,26.6
1,300,25.4
1,400,24.6
1,500,23.799999
1,600,23.799999
1,700,24
1,800,22.9
1,900,23.5
1,1000,23.299999
1,1100,23.4
1,1200,23.799999
1,1300,23.6
1,1400,22.9
1,1500,22.299999
1,1600,22.1
1,1700,22
1,1800,21.700001
1,1900,21.299999
1,2000,20.4
1,2100,20.200001
1,2200,20.799999
1,2300,21.6
2,0,22.4
2,100,23.200001
2,200,23.4
2,300,24.700001
2,400,25.299999
2,500,25
2,600,25.200001
2,700,24.700001
2,800,24.1
2,900,23.700001
2,1000,23
2,1100,22.5
2,1200,21.6
2,1300,21.4
2,1400,20.799999
2,1500,20.700001
2,1600,20.700001
2,1700,20.9
2,1800,20.6
2,1900,20.299999
2,2000,19.700001
2,2100,19.9
2,2200,20.6
2,2300,21.5
3,0,22.9
3,100,23.1
3,200,23.1
3,300,23.299999
3,400,23.4
3,500,23.1
3,600,22.6
3,700,23.299999
3,800,23.6
3,900,23.799999
3,1000,23.1
3,1100,21.5
3,1200,21
3,1300,21
3,1400,21.200001
3,1500,21.200001
3,1600,21.299999
3,1700,21
3,1800,20.799999
3,1900,20.9
3,2000,21
3,2100,20.6
3,2200,20.299999
3,2300,20.6
4,0,21
4,100,21.299999
4,200,21.9
4,300,22
4,400,22.4
4,500,23.4
4,600,23.6
4,700,23.700001
4,800,23.1
4,900,23.200001
4,1000,23.1
4,1100,23
4,1200,22.9
4,1300,22.9
4,1400,22.799999
4,1500,22.700001
4,1600,22.9
4,1700,23.799999
4,1800,24.9
4,1900,24.5
4,2000,24.6
4,2100,25.200001
4,2200,25.700001
4,2300,25.6
5,0,25.4
5,100,25.5
5,200,25.4
5,300,25.4
5,400,26.1
5,500,25.4
5,600,25.799999
5,700,25.700001
5,800,24.700001
5,900,24.700001
5,1000,23.799999
5,1100,23.299999
5,1200,22.1
5,1300,21.200001
5,1400,21.200001
5,1500,21.5
5,1600,21.5
5,1700,21.1
5,1800,20.9
5,1900,20.6
5,2000,20.4
5,2100,20.200001
5,2200,20.4
5,2300,20.700001
6,0,21.6
6,100,22.5
6,200,23.799999
6,300,24.299999
6,400,25.4
6,500,25.5
6,600,24.299999
6,700,22.9
6,800,22.4
6,900,23.4
6,1000,22
6,1100,21.200001
6,1200,20.299999
6,1300,20.1
6,1400,20.1
6,1500,19.5
6,1600,19.700001
6,1700,19.4
6,1800,19.5
6,1900,19.4
6,2000,19
6,2100,19.299999
6,2200,19.799999
6,2300,20.1
7,0,21
7,100,22.5
7,200,23.700001
7,300,23.799999
7,400,24.200001
7,500,25
7,600,25
7,700,24.4
7,800,25
7,900,24.200001
7,1000,24.200001
7,1100,23.4
7,1200,22.799999
7,1300,22.299999
7,1400,21.5
7,1500,21.4
7,1600,20.9
7,1700,20.700001
7,1800,20.1
7,1900,19.700001
7,2000,19.5
7,2100,19.799999
7,2200,21.9
7,2300,24.1
8,0,25.799999
8,100,27.700001
8,200,28.5
8,300,29.6
8,400,30.4
8,500,31
8,600,30.6
8,700,29.9
8,800,28.6
8,900,28
8,1000,26.299999
8,1100,24.299999
8,1200,22.700001
8,1300,22
8,1400,21.4
8,1500,21.299999
8,1600,20.6
8,1700,20.5
8,1800,20.4
8,1900,20.1
8,2000,19.9
8,2100,20.299999
8,2200,22.4
8,2300,24.4
9,0,26.6
9,100,26.4
9,200,27.700001
9,300,29.1
9,400,29.5
9,500,29.799999
9,600,30.4
9,700,29.4
9,800,28.5
9,900,27.5
9,1000,26.299999
9,1100,25.200001
9,1200,23.9
9,1300,23.9
9,1400,23.799999
9,1500,21
9,1600,21.299999
9,1700,20.9
9,1800,20.6
9,1900,20.299999
9,2000,20.4
9,2100,20.4
9,2200,21.5
9,2300,23.1
10,0,25.700001
10,100,27.799999
10,200,29.4
10,300,30.6
10,400,30.9
10,500,30.1
10,600,29.5
10,700,28.6
10,800,27.6
10,900,26.6
10,1000,25.700001
10,1100,24.200001
10,1200,23.6
10,1300,22.700001
10,1400,22.299999
10,1500,21.799999
10,1600,21.5
10,1700,21.299999
10,1800,21.5
10,1900,21.1
10,2000,20.799999
10,2100,21.200001
10,2200,21.9
10,2300,23.200001
11,0,25.200001
11,100,27.200001
11,200,28.799999
11,300,31.200001
11,400,31.9
11,500,32.400002
11,600,32
11,700,30.1
11,800,28.799999
11,900,27.9
11,1000,26.5
11,1100,25.5
11,1200,24.700001
11,1300,24.1
11,1400,24
11,1500,23.799999
11,1600,23.5
11,1700,23.1
11,1800,22.9
11,1900,22.6
11,2000,22.5
11,2100,22.9
11,2200,23.1
11,2300,23.700001
12,0,24.799999
12,100,26.299999
12,200,27.6
12,300,27.799999
12,400,28.700001
12,500,26.1
12,600,26.4
12,700,26.9
12,800,27.200001
12,900,26.700001
12,1000,25
12,1100,23.5
12,1200,22.9
12,1300,22.4
12,1400,21.700001
12,1500,21.299999
12,1600,21.200001
12,1700,21.200001
12,1800,20.9
12,1900,20.799999
12,2000,20.4
12,2100,20.700001
12,2200,22.299999
12,2300,23
13,0,24.799999
13,100,25.6
13,200,25.6
13,300,26
13,400,26.200001
13,500,27.1
13,600,27.9
13,700,27.799999
13,800,27.200001
13,900,26.4
13,1000,25.299999
13,1100,23.9
13,1200,22.9
13,1300,22.5
13,1400,22.200001
13,1500,22.200001
13,1600,22.5
13,1700,22.299999
13,1800,22.4
13,1900,22.5
13,2000,22.4
13,2100,21.9
13,2200,22
13,2300,22.799999
14,0,23.9
14,100,25.1
14,200,26.299999
14,300,26.5
14,400,27
14,500,27.4
14,600,28.299999
14,700,28.5
14,800,28
14,900,28.200001
14,1000,27
14,1100,25.5
14,1200,25
14,1300,24.200001
14,1400,23.6
14,1500,23.4
14,1600,23.5
14,1700,23.200001
14,1800,22.799999
14,1900,22.799999
14,2000,22.1
14,2100,22.6
14,2200,23.1
14,2300,23.799999
15,0,24.700001
15,100,25.4
15,200,26.6
15,300,26.700001
15,400,26.9
15,500,26.700001
15,600,26.799999
15,700,26.6
15,800,26.4
15,900,26
15,1000,25.5
15,1100,25.200001
15,1200,25
15,1300,24.6
15,1400,22
15,1500,21.700001
15,1600,21.4
15,1700,20.6
15,1800,19.9
15,1900,19.6
15,2000,19.6
15,2100,19.799999
15,2200,19.700001
15,2300,19.799999
16,0,20.1
16,100,20.5
16,200,20.6
16,300,21.1
16,400,21.9
16,500,23.4
16,600,24.200001
16,700,23.1
16,800,22.6
16,900,22.299999
16,1000,21.9
16,1100,21.6
16,1200,21.299999
16,1300,21.1
16,1400,20.9
16,1500,20.4
16,1600,20.5
16,1700,20.5
16,1800,20.5
16,1900,20.200001
16,2000,20.1
16,2100,19.799999
16,2200,20.1
16,2300,20.6
17,0,21.1
17,100,21.299999
17,200,21.700001
17,300,22
17,400,22.299999
17,500,22.5
17,600,22.6
17,700,21.799999
17,800,21.6
17,900,21.299999
17,1000,21.1
17,1100,20.4
17,1200,20.4
17,1300,20.299999
17,1400,20
17,1500,19.5
17,1600,19.200001
17,1700,19
17,1800,18.9
17,1900,18.5
17,2000,18.5
17,2100,18.200001
17,2200,19.200001
17,2300,21.200001
18,0,22.5
18,100,23.9
18,200,25
18,300,25.799999
18,400,25.799999
18,500,27
18,600,26.4
18,700,26.5
18,800,26.1
18,900,25.6
18,1000,23.799999
18,1100,22.299999
18,1200,21.200001
18,1300,20.700001
18,1400,20.200001
18,1500,19.799999
18,1600,19.4
18,1700,19.200001
18,1800,19
18,1900,18.6
18,2000,18.700001
18,2100,18.799999
18,2200,20.1
18,2300,21.9
19,0,24.5
19,100,26
19,200,27.5
19,300,28.6
19,400,29.5
19,500,30.6
19,600,31.6
19,700,31.4
19,800,29.5
19,900,28.4
19,1000,26.5
19,1100,24.799999
19,1200,23.9
19,1300,23.299999
19,1400,23.1
19,1500,23.200001
19,1600,23.1
19,1700,22.700001
19,1800,22.299999
19,1900,22
19,2000,21.5
19,2100,22.5
19,2200,23.5
19,2300,24.9
20,0,26.6
20,100,28.200001
20,200,29.299999
20,300,30
20,400,30.700001
20,500,31.700001
20,600,31.5
20,700,31.1
20,800,29.5
20,900,29.799999
20,1000,28.799999
20,1100,27.1
20,1200,25.6
20,1300,25.299999
20,1400,24.9
20,1500,24.700001
20,1600,24.1
20,1700,23.700001
20,1800,23.4
20,1900,23.1
20,2000,22.799999
20,2100,22.700001
20,2200,23.299999
20,2300,24.1
21,0,25.799999
21,100,26.700001
21,200,28.299999
21,300,29.700001
21,400,30
21,500,30.299999
21,600,30.299999
21,700,30.799999
21,800,30.6
21,900,30.200001
21,1000,28.1
21,1100,27.200001
21,1200,26.799999
21,1300,26.1
21,1400,25.9
21,1500,25.700001
21,1600,25.700001
21,1700,24.4
21,1800,24.5
21,1900,24
21,2000,23.6
21,2100,23.4
21,2200,24.4
21,2300,26.5
22,0,27.299999
22,100,28.4
22,200,30.299999
22,300,31
22,400,31.299999
22,500,31.9
22,600,31.1
22,700,31.700001
22,800,31.6
22,900,29.9
22,1000,28.700001
22,1100,27.1
22,1200,26.5
22,1300,26.299999
22,1400,26.4
22,1500,25.799999
22,1600,25.6
22,1700,25.299999
22,1800,25.1
22,1900,24.4
22,2000,24.6
22,2100,24.5
22,2200,25.6
22,2300,27.1
23,0,28.4
23,100,28.799999
23,200,30.1
23,300,30.4
23,400,30.799999
23,500,31.1
23,600,30.5
23,700,30.4
23,800,30.4
23,900,29.9
23,1000,28.700001
23,1100,27.5
23,1200,26.799999
23,1300,26.4
23,1400,26.1
23,1500,26.1
23,1600,26
23,1700,25.9
23,1800,25.6
23,1900,25.799999
23,2000,25.5
23,2100,25.5
23,2200,26
23,2300,27.299999
24,0,28.200001
24,100,28.9
24,200,29.4
24,300,30.299999
24,400,30.700001
24,500,31.299999
24,600,30.700001
24,700,30
24,800,29.700001
24,900,29
24,1000,28.299999
24,1100,27.299999
24,1200,26.6
24,1300,26.200001
24,1400,26
24,1500,25.799999
24,1600,25.6
24,1700,25.5
24,1800,25.4
24,1900,25.5
24,2000,25.700001
24,2100,25.299999
24,2200,25.799999
24,2300,26.6
25,0,27.200001
25,100,28.6
25,200,29
25,300,29.1
25,400,29.700001
25,500,30.4
25,600,30.9
25,700,30.299999
25,800,30.1
25,900,29.1
25,1000,27.9
25,1100,26.4
25,1200,25.799999
25,1300,25.200001
25,1400,24.700001
25,1500,24.1
25,1600,23.799999
25,1700,23.200001
25,1800,23.1
25,1900,23.5
25,2000,23.299999
25,2100,23.200001
25,2200,24.200001
25,2300,25.6
26,0,27.200001
26,100,28.799999
26,200,29.200001
26,300,30.4
26,400,30.700001
26,500,31.299999
26,600,30
26,700,29.700001
26,800,29.299999
26,900,28.9
26,1000,28.1
26,1100,26.799999
26,1200,26.1
26,1300,25.5
26,1400,25
26,1500,24.9
26,1600,24.6
26,1700,24.6
26,1800,24.799999
26,1900,25
26,2000,25.299999
26,2100,25.5
26,2200,26
26,2300,26.9
27,0,27.700001
27,100,28.200001
27,200,27.799999
27,300,27.299999
27,400,26.799999
27,500,27.700001
27,600,28.700001
27,700,28.5
27,800,28.4
27,900,27.9
27,1000,27.1
27,1100,26.5
27,1200,26.200001
27,1300,26.1
27,1400,26.1
27,1500,26.299999
27,1600,26.1
27,1700,25.6
27,1800,25.799999
27,1900,25.6
27,2000,25.5
27,2100,25.4
27,2200,25.5
27,2300,26.200001
28,0,27.200001
28,100,27.700001
28,200,28.9
28,300,29.299999
28,400,29.299999
28,500,29.6
28,600,30
28,700,30
28,800,28.700001
28,900,28
28,1000,26.700001
28,1100,25.299999
28,1200,24.6
28,1300,24.1
28,1400,24
28,1500,23.799999
28,1600,23.799999
28,1700,23.6
28,1800,23.299999
28,1900,23.700001
28,2000,23.9
28,2100,24.299999
28,2200,25.6
28,2300,24.5
29,0,23.4
29,100,23.4
29,200,27.700001
29,300,25.4
29,400,24.9
29,500,25.700001
29,600,26.9
29,700,27.200001
29,800,27.1
29,900,27.299999
29,1000,26.9
29,1100,26.6
29,1200,26.1
29,1300,25.799999
29,1400,25.6
29,1500,25.5
29,1600,25.5
29,1700,25.5
29,1800,25.4
29,1900,25.4
29,2000,25.299999
29,2100,26
29,2200,26.4
29,2300,27.1
30,0,28
30,100,26.9
30,200,28.1
30,300,29.4
30,400,30.299999
30,500,30.6
30,600,31.299999
30,700,30.799999
30,800,30.5
30,900,29
30,1000,27.5
30,1100,26.1
30,1200,25.299999
30,1300,25
30,1400,24.799999
30,1500,24.9
30,1600,24.9
30,1700,24.6
30,1800,24.5
30,1900,24.299999
30,2000,24.200001
30,2100,24.1
30,2200,24.4
30,2300,25.799999
31,0,27.5
31,100,29.299999
31,200,30.6
31,300,31.4
31,400,31.5
31,500,30.6
31,600,29.5
31,700,29.1
31,800,29.1
31,900,28.299999
31,1000,27.1
31,1100,25.799999
31,1200,25.200001
31,1300,24.700001
31,1400,24.5
31,1500,24.200001
31,1600,23.9
31,1700,23.700001
31,1800,23.200001
31,1900,23.200001
31,2000,23.1
31,2100,23.6
31,2200,24.1
31,2300,25
 Start : 20160801 ,,
1,0,25.700001
1,100,27.6
1,200,28.700001
1,300,29.1
1,400,29.700001
1,500,30.299999
1,600,29.4
1,700,29.299999
1,800,29
1,900,28.200001
1,1000,27.299999
1,1100,26.1
1,1200,25.5
1,1300,25.1
1,1400,24.9
1,1500,24.4
1,1600,24.200001
1,1700,24
1,1800,23.799999
1,1900,23.799999
1,2000,23.700001
1,2100,23.799999
1,2200,24.299999
1,2300,24.9
2,0,25.700001
2,100,26.4
2,200,27
2,300,27.200001
2,400,27.5
2,500,27.9
2,600,28.299999
2,700,28.4
2,800,28
2,900,26.9
2,1000,25.700001
2,1100,24.799999
2,1200,24.6
2,1300,24.5
2,1400,24.299999
2,1500,24.1
2,1600,23.6
2,1700,23.299999
2,1800,22.9
2,1900,23
2,2000,23.1
2,2100,22.799999
2,2200,23.4
2,2300,25.700001
3,0,27.200001
3,100,28
3,200,28.6
3,300,29.5
3,400,29.799999
3,500,30.200001
3,600,31.200001
3,700,30.200001
3,800,29.299999
3,900,28.200001
3,1000,27.4
3,1100,26.5
3,1200,25.4
3,1300,24.9
3,1400,24.299999
3,1500,23.799999
3,1600,23.5
3,1700,23.200001
3,1800,23
3,1900,23
3,2000,22.799999
3,2100,22.9
3,2200,24.5
3,2300,26.299999
4,0,28.1
4,100,29.200001
4,200,30.5
4,300,31.200001
4,400,31.4
4,500,31.6
4,600,32.400002
4,700,32.099998
4,800,31.200001
4,900,29.9
4,1000,28.4
4,1100,27.1
4,1200,26.4
4,1300,25.5
4,1400,24.799999
4,1500,24.700001
4,1600,24.299999
4,1700,23.9
4,1800,23.799999
4,1900,23.6
4,2000,23.4
4,2100,23.4
4,2200,24.9
4,2300,26.700001
5,0,28.5
5,100,30.299999
5,200,31.299999
5,300,31.5
5,400,32.299999
5,500,33.200001
5,600,33.299999
5,700,32
5,800,30.9
5,900,29.700001
5,1000,27.9
5,1100,26.299999
5,1200,25.799999
5,1300,25.200001
5,1400,25.1
5,1500,24.6
5,1600,24.6
5,1700,24.200001
5,1800,23.799999
5,1900,23.6
5,2000,23.5
5,2100,23.700001
5,2200,24.9
5,2300,26.799999
6,0,28.6
6,100,29.700001
6,200,31.200001
6,300,31.6
6,400,31.4
6,500,31.799999
6,600,31.799999
6,700,31.200001
6,800,30.5
6,900,30.1
6,1000,28.4
6,1100,27
6,1200,26.200001
6,1300,25.799999
6,1400,25.6
6,1500,25.299999
6,1600,25
6,1700,25
6,1800,24.6
6,1900,24.1
6,2000,24
6,2100,23.700001
6,2200,24.5
6,2300,26.799999
7,0,28.6
7,100,30.1
7,200,31
7,300,32.299999
7,400,32
7,500,31.9
7,600,31.4
7,700,31.200001
7,800,30.6
7,900,29.799999
7,1000,28.200001
7,1100,26.4
7,1200,25.1
7,1300,24.9
7,1400,24.5
7,1500,24.1
7,1600,23.799999
7,1700,23.299999
7,1800,23.1
7,1900,22.700001
7,2000,22.6
7,2100,22.6
7,2200,24.200001
7,2300,26.299999
8,0,28.5
8,100,29.799999
8,200,31.1
8,300,32
8,400,33
8,500,33.200001
8,600,32.400002
8,700,31.200001
8,800,29.9
8,900,29.1
8,1000,27.1
8,1100,26.200001
8,1200,25.5
8,1300,25.1
8,1400,24.799999
8,1500,24.4
8,1600,24.1
8,1700,23.700001
8,1800,23.6
8,1900,23.6
8,2000,23.5
8,2100,23.700001
8,2200,25.299999
8,2300,27.1
9,0,28.5
9,100,30.5
9,200,31.6
9,300,32.099998
9,400,33
9,500,31.4
9,600,30.799999
9,700,31.4
9,800,30.6
9,900,30.299999
9,1000,28.799999
9,1100,27.700001
9,1200,26.6
9,1300,26.4
9,1400,26.1
9,1500,25.1
9,1600,24.9
9,1700,24.700001
9,1800,24.5
9,1900,24.5
9,2000,24.5
9,2100,24.4
9,2200,25.1
9,2300,26.9
10,0,28.700001
10,100,29.9
10,200,30.4
10,300,31.200001
10,400,30.6
10,500,31.9
10,600,31.5
10,700,31.4
10,800,30.799999
10,900,30.1
10,1000,28.4
10,1100,26.700001
10,1200,25.799999
10,1300,25
10,1400,24.200001
10,1500,23.700001
10,1600,23.4
10,1700,23.299999
10,1800,23.1
10,1900,22.9
10,2000,22.799999
10,2100,23
10,2200,24.5
10,2300,26.6
11,0,28.700001
11,100,29.9
11,200,30.9
11,300,31.5
11,400,31.9
11,500,32.799999
11,600,33.200001
11,700,32.799999
11,800,32.299999
11,900,30.700001
11,1000,28.6
11,1100,26.700001
11,1200,25.5
11,1300,25.200001
11,1400,24.6
11,1500,24.4
11,1600,24.200001
11,1700,24
11,1800,23.799999
11,1900,23.6
11,2000,23.5
11,2100,23.5
11,2200,24.5
11,2300,25.700001
12,0,27.5
12,100,29.1
12,200,29.799999
12,300,30.700001
12,400,31.299999
12,500,31.9
12,600,32.799999
12,700,31.6
12,800,31.200001
12,900,29.9
12,1000,28.1
12,1100,26.799999
12,1200,25.9
12,1300,25.4
12,1400,25.200001
12,1500,25.1
12,1600,24.700001
12,1700,24.5
12,1800,24.299999
12,1900,24
12,2000,24.1
12,2100,24.1
12,2200,24.6
12,2300,26.200001
13,0,28.299999
13,100,30.200001
13,200,31.299999
13,300,31.700001
13,400,32.299999
13,500,33.099998
13,600,32.700001
13,700,32
13,800,31.200001
13,900,30.1
13,1000,28.700001
13,1100,27.299999
13,1200,26.700001
13,1300,26.200001
13,1400,26
13,1500,25.299999
13,1600,25.1
13,1700,24.700001
13,1800,24.6
13,1900,24.5
13,2000,24.1
13,2100,24.5
13,2200,25.1
13,2300,27.200001
14,0,29.299999
14,100,30.1
14,200,31.1
14,300,30.799999
14,400,31.1
14,500,30.4
14,600,30.299999
14,700,29.700001
14,800,29.799999
14,900,29
14,1000,28
14,1100,26.700001
14,1200,26.299999
14,1300,26.299999
14,1400,25.9
14,1500,25.6
14,1600,25.200001
14,1700,25.1
14,1800,24.799999
14,1900,24.6
14,2000,24.5
14,2100,24.5
14,2200,24.9
14,2300,25.5
15,0,26.6
15,100,28.5
15,200,29.9
15,300,31.200001
15,400,31.299999
15,500,31
15,600,30.1
15,700,30.299999
15,800,28.5
15,900,27.1
15,1000,26.1
15,1100,25.299999
15,1200,25.1
15,1300,24.6
15,1400,24.6
15,1500,24.200001
15,1600,23.799999
15,1700,23.9
15,1800,23.9
15,1900,23.6
15,2000,23.1
15,2100,22.700001
15,2200,24
15,2300,26
16,0,27.799999
16,100,28.9
16,200,30.200001
16,300,31.200001
16,400,32.400002
16,500,32.200001
16,600,32.700001
16,700,32.299999
16,800,30.1
16,900,29
16,1000,27.1
16,1100,25.700001
16,1200,24.799999
16,1300,24.200001
16,1400,24.299999
16,1500,24
16,1600,23.9
16,1700,23.9
16,1800,23.4
16,1900,22.700001
16,2000,22.4
16,2100,22.5
16,2200,23.299999
16,2300,25.4
17,0,27.1
17,100,28.799999
17,200,30
17,300,30.799999
17,400,31.700001
17,500,32
17,600,31.700001
17,700,31.4
17,800,31.200001
17,900,29.5
17,1000,27.299999
17,1100,26.5
17,1200,26
17,1300,25.4
17,1400,24.6
17,1500,24.4
17,1600,23.9
17,1700,23.700001
17,1800,23.299999
17,1900,23.1
17,2000,22.9
17,2100,22.5
17,2200,23.299999
17,2300,25
18,0,27.299999
18,100,28.9
18,200,30.6
18,300,31.299999
18,400,31.799999
18,500,32.599998
18,600,32.400002
18,700,31.4
18,800,30.200001
18,900,28.5
18,1000,27.200001
18,1100,26.4
18,1200,25.700001
18,1300,25.6
18,1400,25.200001
18,1500,25.4
18,1600,24.799999
18,1700,24.200001
18,1800,24.1
18,1900,24.200001
18,2000,24.200001
18,2100,24.200001
18,2200,24.9
18,2300,26.299999
19,0,27.6
19,100,29.4
19,200,30.5
19,300,31.299999
19,400,31.4
19,500,31
19,600,31.9
19,700,31.4
19,800,29.700001
19,900,28.799999
19,1000,27.1
19,1100,26.200001
19,1200,25.9
19,1300,25.9
19,1400,25.299999
19,1500,25.299999
19,1600,25.4
19,1700,25.1
19,1800,24.9
19,1900,24.6
19,2000,24.299999
19,2100,24.1
19,2200,25.1
19,2300,26.700001
20,0,28.299999
20,100,29.1
20,200,31.299999
20,300,32.099998
20,400,33.299999
20,500,34
20,600,33.299999
20,700,33.5
20,800,32.5
20,900,29.700001
20,1000,27.700001
20,1100,26.700001
20,1200,26
20,1300,25.5
20,1400,25.200001
20,1500,25
20,1600,25.200001
20,1700,25.4
20,1800,25.299999
20,1900,25.4
20,2000,25.299999
20,2100,24.9
20,2200,25.1
20,2300,25.299999
21,0,26.5
21,100,26.799999
21,200,28.299999
21,300,29.5
21,400,30.5
21,500,31.299999
21,600,32.599998
21,700,31.799999
21,800,31
21,900,29.799999
21,1000,27.6
21,1100,25.4
21,1200,24.9
21,1300,24.200001
21,1400,23.9
21,1500,23.6
21,1600,23.5
21,1700,23.200001
21,1800,23.200001
21,1900,23
21,2000,22.9
21,2100,22.5
21,2200,23.700001
21,2300,26.1
22,0,28.5
22,100,29.700001
22,200,31.299999
22,300,31.4
22,400,32.299999
22,500,32.700001
22,600,32.799999
22,700,31.6
22,800,30.4
22,900,28.799999
22,1000,27
22,1100,25.5
22,1200,25
22,1300,24.6
22,1400,24.4
22,1500,23.799999
22,1600,23.6
22,1700,23.4
22,1800,23.299999
22,1900,23.1
22,2000,22.799999
22,2100,23
22,2200,23.9
22,2300,26.1
23,0,27.5
23,100,28.5
23,200,29.5
23,300,29.700001
23,400,30.4
23,500,30.9
23,600,31.1
23,700,29.1
23,800,29.299999
23,900,29.1
23,1000,27.5
23,1100,26.200001
23,1200,25.299999
23,1300,24.799999
23,1400,24.5
23,1500,24.5
23,1600,24.700001
23,1700,24.5
23,1800,23.799999
23,1900,23.4
23,2000,23.6
23,2100,23.6
23,2200,24
23,2300,26.5
24,0,27.299999
24,100,28.200001
24,200,29.799999
24,300,30.5
24,400,30.299999
24,500,31.299999
24,600,31.1
24,700,31
24,800,30.5
24,900,28.700001
24,1000,27.1
24,1100,25.9
24,1200,25.200001
24,1300,24.5
24,1400,24.200001
24,1500,23.4
24,1600,23
24,1700,22.799999
24,1800,22.5
24,1900,22.1
24,2000,22
24,2100,22.6
24,2200,23.700001
24,2300,25.4
25,0,27.9
25,100,29.299999
25,200,31
25,300,30.5
25,400,31.1
25,500,31.299999
25,600,31.799999
25,700,29.700001
25,800,29.299999
25,900,28.1
25,1000,27.299999
25,1100,26.9
25,1200,26.1
25,1300,25.4
25,1400,24.9
25,1500,24.700001
25,1600,24.6
25,1700,24.4
25,1800,24.299999
25,1900,23.9
25,2000,23.1
25,2100,22.700001
25,2200,22.4
25,2300,21.700001
26,0,19.5
26,100,19.5
26,200,19.799999
26,300,19.700001
26,400,20.700001
26,500,26.1
26,600,26.5
26,700,23
26,800,22.4
26,900,22.1
26,1000,21.6
26,1100,21.299999
26,1200,20.299999
26,1300,20.1
26,1400,19.700001
26,1500,19
26,1600,18.299999
26,1700,18.1
26,1800,17.799999
26,1900,17.799999
26,2000,17.799999
26,2100,17.799999
26,2200,17.6
26,2300,19
27,0,21.1
27,100,22.799999
27,200,23.9
27,300,25.1
27,400,25.6
27,500,26.1
27,600,26.799999
27,700,27.1
27,800,26.5
27,900,25.6
27,1000,24.200001
27,1100,23.5
27,1200,23.299999
27,1300,22.700001
27,1400,22.299999
27,1500,20.200001
27,1600,20
27,1700,19.799999
27,1800,18.799999
27,1900,18.5
27,2000,18.5
27,2100,18.6
27,2200,19.1
27,2300,19.700001
28,0,20.299999
28,100,20.9
28,200,21
28,300,22.1
28,400,22.700001
28,500,24.4
28,600,24.9
28,700,24.1
28,800,23
28,900,21.6
28,1000,19.700001
28,1100,19
28,1200,19.200001
28,1300,18.9
28,1400,18.700001
28,1500,18.6
28,1600,18.299999
28,1700,18.6
28,1800,18.299999
28,1900,18.299999
28,2000,18.200001
28,2100,17.700001
28,2200,18.5
28,2300,20.9
29,0,22.200001
29,100,23.6
29,200,24.5
29,300,25.299999
29,400,25.5
29,500,24.9
29,600,24.9
29,700,24.9
29,800,24.6
29,900,23.6
29,1000,21.4
29,1100,20.200001
29,1200,19
29,1300,18.6
29,1400,18.4
29,1500,18.5
29,1600,18.799999
29,1700,18.9
29,1800,19.4
29,1900,18.9
29,2000,19.1
29,2100,19.1
29,2200,19.799999
29,2300,20.799999
30,0,21.5
30,100,22.1
30,200,23.1
30,300,22.6
30,400,22
30,500,22.1
30,600,22
30,700,21.200001
30,800,20.9
30,900,20.700001
30,1000,19.6
30,1100,20
30,1200,20.299999
30,1300,19.9
30,1400,19.9
30,1500,19.5
30,1600,18.6
30,1700,18.9
30,1800,17.1
30,1900,16.9
30,2000,16.700001
30,2100,16.799999
30,2200,16.6
30,2300,17
31,0,17.4
31,100,17.799999
31,200,18
31,300,18.4
31,400,20.1
31,500,21.1
31,600,22.200001
31,700,22.6
31,800,22.200001
31,900,22.299999
31,1000,21.200001
31,1100,20.799999
31,1200,20.4
31,1300,20
31,1400,18.4
31,1500,19.299999
31,1600,18.6
31,1700,18.5
31,1800,18.4
31,1900,17.700001
31,2000,19.6
31,2100,21.6
31,2200,22.299999
31,2300,23.799999
 Start : 20160901 ,,
1,0,24.799999
1,100,26
1,200,26.4
1,300,26.799999
1,400,27.5
1,500,27.700001
1,600,28.299999
1,700,28.6
1,800,27.799999
1,900,26.5
1,1000,24.700001
1,1100,23.9
1,1200,23.6
1,1300,22.9
1,1400,22.9
1,1500,21.299999
1,1600,19.700001
1,1700,19.799999
1,1800,20.700001
1,1900,20.5
1,2000,20.9
1,2100,21
1,2200,21.4
1,2300,22.700001
2,0,23.6
2,100,24.799999
2,200,25.799999
2,300,26.6
2,400,27.299999
2,500,27.9
2,600,26.9
2,700,26
2,800,25.1
2,900,24.6
2,1000,22.9
2,1100,22.299999
2,1200,22.1
2,1300,21.6
2,1400,21.4
2,1500,21.4
2,1600,21.200001
2,1700,21.200001
2,1800,20.6
2,1900,20.700001
2,2000,20.299999
2,2100,20
2,2200,20.4
2,2300,21.200001
3,0,23.4
3,100,25
3,200,26.1
3,300,26.799999
3,400,27.700001
3,500,27.299999
3,600,28.1
3,700,26.700001
3,800,26.4
3,900,24.799999
3,1000,23.1
3,1100,21.6
3,1200,20.700001
3,1300,20.6
3,1400,20.4
3,1500,19.5
3,1600,19.4
3,1700,19.1
3,1800,19.200001
3,1900,19.5
3,2000,19.700001
3,2100,19.700001
3,2200,20.299999
3,2300,22.4
4,0,24.6
4,100,26
4,200,27.1
4,300,28.200001
4,400,28.6
4,500,28.799999
4,600,28.6
4,700,26.799999
4,800,25.700001
4,900,25.1
4,1000,24.1
4,1100,23.9
4,1200,23.5
4,1300,23.200001
4,1400,23
4,1500,23
4,1600,22.9
4,1700,22.6
4,1800,22.4
4,1900,22.200001
4,2000,22.1
4,2100,22
4,2200,21.6
4,2300,23.4
5,0,25.299999
5,100,26.700001
5,200,27.1
5,300,28.1
5,400,27.6
5,500,28.299999
5,600,29
5,700,28.299999
5,800,27.700001
5,900,26.6
5,1000,24.1
5,1100,22.9
5,1200,22
5,1300,21.9
5,1400,20.9
5,1500,19.799999
5,1600,19.700001
5,1700,19.299999
5,1800,19
5,1900,18.700001
5,2000,18
5,2100,17.799999
5,2200,17.9
5,2300,19.5
6,0,22.1
6,100,23.5
6,200,24.9
6,300,26.299999
6,400,26.9
6,500,26.1
6,600,26.1
6,700,25.700001
6,800,24.9
6,900,24
6,1000,22.9
6,1100,22.200001
6,1200,21.799999
6,1300,21.5
6,1400,21.5
6,1500,21.1
6,1600,20.700001
6,1700,20.6
6,1800,20.200001
6,1900,19.5
6,2000,19.6
6,2100,19.200001
6,2200,19.299999
6,2300,19.9
7,0,21.299999
7,100,22.799999
7,200,23.700001
7,300,25.9
7,400,26.5
7,500,26.299999
7,600,26.4
7,700,25.200001
7,800,23.9
7,900,22.9
7,1000,22.1
7,1100,21.6
7,1200,21.200001
7,1300,20.5
7,1400,20.6
7,1500,20.9
7,1600,20.9
7,1700,20.9
7,1800,20.9
7,1900,20.299999
7,2000,20.1
7,2100,19.9
7,2200,20.299999
7,2300,21.700001
8,0,23.700001
8,100,25
8,200,25.9
8,300,27.6
8,400,24.799999
8,500,23.200001
8,600,21.799999
8,700,21.200001
8,800,21
8,900,22.9
8,1000,22.4
8,1100,20.200001
8,1200,20
8,1300,19.799999
8,1400,19.9
8,1500,19.700001
8,1600,19.4
8,1700,19.1
8,1800,18.799999
8,1900,18.6
8,2000,18.5
8,2100,18.799999
8,2200,19.299999
8,2300,20.799999
9,0,22.6
9,100,24.200001
9,200,25
9,300,25.299999
9,400,26.700001
9,500,26.5
9,600,26.4
9,700,26.1
9,800,25.1
9,900,23.6
9,1000,22.1
9,1100,21
9,1200,20.200001
9,1300,19.6
9,1400,19
9,1500,18.799999
9,1600,19.1
9,1700,18.6
9,1800,18.200001
9,1900,18.5
9,2000,18.1
9,2100,17.9
9,2200,18.1
9,2300,19.799999
10,0,21.299999
10,100,22.700001
10,200,24.4
10,300,25.9
10,400,27.5
10,500,27.1
10,600,27.200001
10,700,26.9
10,800,26
10,900,24.5
10,1000,23
10,1100,22.4
10,1200,21.5
10,1300,21.6
10,1400,21.1
10,1500,20.700001
10,1600,20.299999
10,1700,19.700001
10,1800,19.4
10,1900,18.9
10,2000,18.6
10,2100,18.200001
10,2200,19
10,2300,20.9
11,0,22.700001
11,100,23.9
11,200,25.5
11,300,26.1
11,400,27.5
11,500,27.6
11,600,27.1
11,700,25.799999
11,800,24.6
11,900,23.4
11,1000,22.4
11,1100,21.5
11,1200,21.1
11,1300,21
11,1400,20.700001
11,1500,20.700001
11,1600,20.299999
11,1700,20.1
11,1800,19
11,1900,20
11,2000,19.799999
11,2100,19.5
11,2200,19.700001
11,2300,20.5
12,0,21.799999
12,100,23.1
12,200,24.9
12,300,25.9
12,400,27.1
12,500,26.1
12,600,25.700001
12,700,26.6
12,800,25.299999
12,900,24.799999
12,1000,23.200001
12,1100,22.5
12,1200,21.700001
12,1300,21.6
12,1400,21
12,1500,20.5
12,1600,20.5
12,1700,20.200001
12,1800,19.799999
12,1900,19.5
12,2000,19.4
12,2100,19
12,2200,19.5
12,2300,20.700001
13,0,22.799999
13,100,24.5
13,200,25.799999
13,300,26.799999
13,400,26.6
13,500,27.5
13,600,28.6
13,700,28.5
13,800,27.200001
13,900,24.9
13,1000,23.299999
13,1100,22.299999
13,1200,21.5
13,1300,21.200001
13,1400,20.9
13,1500,20.4
13,1600,20.200001
13,1700,20
13,1800,20
13,1900,19.700001
13,2000,19.5
13,2100,19.299999
13,2200,19.6
13,2300,21.4
14,0,23
14,100,23.700001
14,200,24.799999
14,300,26
14,400,26.1
14,500,25.700001
14,600,26.1
14,700,25.799999
14,800,25.299999
14,900,23.9
14,1000,22.299999
14,1100,20.799999
14,1200,19.700001
14,1300,19.299999
14,1400,18.9
14,1500,18.700001
14,1600,17.9
14,1700,17.700001
14,1800,17.6
14,1900,16.9
14,2000,16.6
14,2100,16.299999
14,2200,16.6
14,2300,18.6
15,0,20.6
15,100,22.200001
15,200,23.9
15,300,25.200001
15,400,25.799999
15,500,26.9
15,600,26.1
15,700,26
15,800,25
15,900,23.299999
15,1000,22.299999
15,1100,21.4
15,1200,21
15,1300,20.4
15,1400,20.299999
15,1500,19.9
15,1600,19.799999
15,1700,19.6
15,1800,19.299999
15,1900,19.200001
15,2000,18.9
15,2100,18.9
15,2200,19.200001
15,2300,20.700001
16,0,22.200001
16,100,23.6
16,200,25.299999
16,300,26.1
16,400,25.700001
16,500,25.799999
16,600,25.200001
16,700,23.9
16,800,22.9
16,900,22.1
16,1000,21.4
16,1100,21.200001
16,1200,20.799999
16,1300,20.4
16,1400,20
16,1500,19.6
16,1600,19.700001
16,1700,19.700001
16,1800,19.700001
16,1900,19.700001
16,2000,19.6
16,2100,19.799999
16,2200,19.5
16,2300,19.5
17,0,19.5
17,100,19.6
17,200,20.1
17,300,19.9
17,400,20
17,500,20.6
17,600,21.200001
17,700,21.5
17,800,21.6
17,900,21.700001
17,1000,21.200001
17,1100,20.5
17,1200,20.5
17,1300,19.6
17,1400,19.6
17,1500,19.200001
17,1600,18.799999
17,1700,18.700001
17,1800,18.200001
17,1900,17.9
17,2000,18.1
17,2100,18.299999
17,2200,19
17,2300,19.700001
18,0,21.1
18,100,22.299999
18,200,23.700001
18,300,24.4
18,400,25
18,500,24.4
18,600,24.299999
18,700,23.5
18,800,22.5
18,900,23.200001
18,1000,21
18,1100,20.4
18,1200,19.5
18,1300,18.799999
18,1400,18.4
18,1500,17.5
18,1600,16.9
18,1700,16.9
18,1800,17
18,1900,17
18,2000,17
18,2100,16.200001
18,2200,16.4
18,2300,18.6
19,0,20.299999
19,100,22.1
19,200,23.4
19,300,24
19,400,24.9
19,500,25
19,600,24.6
19,700,25.299999
19,800,24.1
19,900,22.5
19,1000,21.5
19,1100,20.700001
19,1200,20
19,1300,19.299999
19,1400,18.200001
19,1500,17.299999
19,1600,17.1
19,1700,16.4
19,1800,15.5
19,1900,14.9
19,2000,14.4
19,2100,14.3
19,2200,14.9
19,2300,17.700001
20,0,18.9
20,100,19.9
20,200,21.1
20,300,21.799999
20,400,23.1
20,500,23.6
20,600,23.6
20,700,23.9
20,800,23.5
20,900,21.700001
20,1000,18.9
20,1100,18.1
20,1200,17.200001
20,1300,16.9
20,1400,16.5
20,1500,15.8
20,1600,14.8
20,1700,14.2
20,1800,13.8
20,1900,13.4
20,2000,13.5
20,2100,12.9
20,2200,13.7
20,2300,14.9
21,0,16.799999
21,100,19.4
21,200,21.1
21,300,21.700001
21,400,22
21,500,22.1
21,600,22.799999
21,700,22.1
21,800,21.200001
21,900,20.799999
21,1000,19.1
21,1100,17.799999
21,1200,17.200001
21,1300,16.799999
21,1400,16.299999
21,1500,16.700001
21,1600,16.9
21,1700,16.799999
21,1800,16.5
21,1900,16.6
21,2000,16.5
21,2100,16.200001
21,2200,16
21,2300,17.6
22,0,18.799999
22,100,20.5
22,200,22.1
22,300,23.200001
22,400,24.5
22,500,24.9
22,600,24.5
22,700,24.799999
22,800,23.799999
22,900,21.5
22,1000,19.4
22,1100,18.6
22,1200,18
22,1300,17.299999
22,1400,16.4
22,1500,16
22,1600,15.6
22,1700,15.5
22,1800,14.9
22,1900,14.7
22,2000,14.1
22,2100,13.9
22,2200,14.1
22,2300,16.4
23,0,19.1
23,100,21.5
23,200,22.700001
23,300,24.299999
23,400,25.4
23,500,25.299999
23,600,25.200001
23,700,24
23,800,22.6
23,900,21.1
23,1000,19.799999
23,1100,18.700001
23,1200,18.200001
23,1300,17.4
23,1400,17.1
23,1500,16.6
23,1600,16.6
23,1700,16.200001
23,1800,16.200001
23,1900,16.1
23,2000,15.5
23,2100,15.3
23,2200,15.6
23,2300,17.200001
24,0,19.5
24,100,22
24,200,23.799999
24,300,25.200001
24,400,25.6
24,500,26.1
24,600,25.6
24,700,24.6
24,800,23.1
24,900,21.6
24,1000,19.4
24,1100,18.4
24,1200,17.700001
24,1300,17.1
24,1400,16.4
24,1500,16.1
24,1600,16.1
24,1700,16.200001
24,1800,16.200001
24,1900,16.299999
24,2000,16.1
24,2100,15.8
24,2200,16.4
24,2300,17.299999
25,0,20
25,100,22.5
25,200,22.6
25,300,23.5
25,400,24.299999
25,500,25.6
25,600,25.4
25,700,25.700001
25,800,24.299999
25,900,22.5
25,1000,21
25,1100,20.4
25,1200,19.6
25,1300,19.1
25,1400,18.700001
25,1500,18.4
25,1600,18.299999
25,1700,17.9
25,1800,17.5
25,1900,17.4
25,2000,16.799999
25,2100,17.200001
25,2200,17.5
25,2300,18.6
26,0,20.9
26,100,21.6
26,200,21.9
26,300,22.200001
26,400,24.5
26,500,25.200001
26,600,26.4
26,700,26.799999
26,800,26.700001
26,900,24.9
26,1000,23.1
26,1100,22.5
26,1200,22
26,1300,21.1
26,1400,21.1
26,1500,21.6
26,1600,21.6
26,1700,21.5
26,1800,21
26,1900,21
26,2000,20.9
26,2100,20.200001
26,2200,20.200001
26,2300,20.700001
27,0,21.5
27,100,21.200001
27,200,20.9
27,300,20.9
27,400,21.4
27,500,21.4
27,600,20.200001
27,700,20
27,800,19.9
27,900,19.4
27,1000,19.200001
27,1100,19.1
27,1200,19.200001
27,1300,19.200001
27,1400,18.9
27,1500,18.299999
27,1600,18.4
27,1700,18.4
27,1800,18.4
27,1900,18.6
27,2000,18.5
27,2100,18.4
27,2200,18.5
27,2300,19.299999
28,0,20.700001
28,100,21.4
28,200,21.200001
28,300,21.799999
28,400,22.1
28,500,21.9
28,600,22.200001
28,700,22
28,800,21.4
28,900,20.200001
28,1000,19.5
28,1100,19
28,1200,19
28,1300,18.9
28,1400,18.5
28,1500,18.5
28,1600,18.1
28,1700,18.1
28,1800,18.1
28,1900,18.200001
28,2000,18.6
28,2100,18.700001
28,2200,18.9
28,2300,19.1
29,0,19.5
29,100,20.4
29,200,21
29,300,22.1
29,400,23.299999
29,500,23.1
29,600,22.9
29,700,22.1
29,800,21.4
29,900,19.6
29,1000,18.6
29,1100,17.9
29,1200,17.5
29,1300,17.200001
29,1400,17.4
29,1500,17.4
29,1600,17
29,1700,17
29,1800,17.4
29,1900,17.4
29,2000,17.6
29,2100,17.4
29,2200,17.200001
29,2300,17.799999
30,0,18.700001
30,100,19.1
30,200,20.1
30,300,20.700001
30,400,21.4
30,500,21.799999
30,600,21.700001
30,700,21.799999
30,800,20.799999
30,900,19
30,1000,18.6
30,1100,18.700001
30,1200,18.5
30,1300,18
30,1400,17.799999
30,1500,17.4
30,1600,17.299999
30,1700,17
30,1800,16.799999
30,1900,16.700001
30,2000,16.5
30,2100,16.700001
30,2200,16.799999
30,2300,17.5
 Start : 20161001 ,,
1,0,18.799999
1,100,19.9
1,200,20.6
1,300,22
1,400,22.200001
1,500,22.200001
1,600,22.1
1,700,22.299999
1,800,21.9
1,900,20.6
1,1000,19.200001
1,1100,18.700001
1,1200,18.9
1,1300,18
1,1400,18.299999
1,1500,17.9
1,1600,17.799999
1,1700,17.799999
1,1800,18
1,1900,17.9
1,2000,18
1,2100,18.1
1,2200,18.1
1,2300,18.200001
2,0,18.6
2,100,18.6
2,200,18.6
2,300,18.200001
2,400,17.5
2,500,16.9
2,600,16.799999
2,700,16.700001
2,800,17.299999
2,900,18.299999
2,1000,18.4
2,1100,20.299999
2,1200,21.1
2,1300,22.4
2,1400,23.200001
2,1500,23
2,1600,23
2,1700,23
2,1800,23.200001
2,1900,22.6
2,2000,22.1
2,2100,21.700001
2,2200,21.6
2,2300,21.6
3,0,21.799999
3,100,21.700001
3,200,23
3,300,23.700001
3,400,24.6
3,500,25.299999
3,600,24.299999
3,700,23.9
3,800,23.299999
3,900,21.200001
3,1000,19.700001
3,1100,19.200001
3,1200,18.799999
3,1300,18.200001
3,1400,17.799999
3,1500,17.6
3,1600,17.200001
3,1700,16.799999
3,1800,16.1
3,1900,16.5
3,2000,15.7
3,2100,15.2
3,2200,15.2
3,2300,16.1
4,0,17.6
4,100,19.4
4,200,21.9
4,300,22.5
4,400,24.5
4,500,25.799999
4,600,26.9
4,700,27.299999
4,800,26.299999
4,900,24
4,1000,22.700001
4,1100,21.6
4,1200,21.1
4,1300,20.799999
4,1400,20.299999
4,1500,20
4,1600,19.700001
4,1700,19.1
4,1800,19.1
4,1900,19
4,2000,18.6
4,2100,18
4,2200,16.799999
4,2300,16.299999
5,0,16.299999
5,100,17.1
5,200,18.799999
5,300,21.9
5,400,23.299999
5,500,23.200001
5,600,23.6
5,700,22.9
5,800,22.1
5,900,20.5
5,1000,19.9
5,1100,19.200001
5,1200,18.4
5,1300,17.700001
5,1400,17.4
5,1500,16.700001
5,1600,15.5
5,1700,15.7
5,1800,15.4
5,1900,15.6
5,2000,16
5,2100,13.9
5,2200,14
5,2300,16.200001
6,0,17.799999
6,100,19
6,200,20.299999
6,300,20.5
6,400,20.4
6,500,20.6
6,600,20.200001
6,700,19.700001
6,800,18.5
6,900,17
6,1000,15.3
6,1100,14.4
6,1200,13.1
6,1300,12.7
6,1400,12.2
6,1500,12.4
6,1600,12.4
6,1700,12.8
6,1800,13
6,1900,13.6
6,2000,13.9
6,2100,14
6,2200,14.2
6,2300,17.299999
7,0,19.1
7,100,21.5
7,200,22.5
7,300,23
7,400,24.200001
7,500,24.200001
7,600,22.6
7,700,21.1
7,800,19.4
7,900,17.9
7,1000,17.299999
7,1100,16.799999
7,1200,16.6
7,1300,16.299999
7,1400,15.8
7,1500,15.4
7,1600,15.5
7,1700,15.4
7,1800,15.7
7,1900,15.8
7,2000,15.9
7,2100,16
7,2200,16.5
7,2300,16.799999
8,0,17.9
8,100,18.6
8,200,20
8,300,20.200001
8,400,20.6
8,500,20.1
8,600,20.799999
8,700,19.200001
8,800,17.799999
8,900,16.6
8,1000,15.3
8,1100,15
8,1200,15.4
8,1300,14.9
8,1400,13.9
8,1500,12.6
8,1600,11.6
8,1700,11.2
8,1800,10.4
8,1900,10.1
8,2000,9.4
8,2100,8.8
8,2200,8.2
8,2300,9.7
9,0,10.9
9,100,11.9
9,200,12.3
9,300,12.8
9,400,13.9
9,500,14.4
9,600,14.6
9,700,14
9,800,13.3
9,900,12.1
9,1000,9.9
9,1100,10.3
9,1200,10.3
9,1300,9.7
9,1400,10.6
9,1500,11
9,1600,11.2
9,1700,10.8
9,1800,10.3
9,1900,9.8
9,2000,8.9
9,2100,8.5
9,2200,8.6
9,2300,10
10,0,12
10,100,12.6
10,200,13.2
10,300,14.9
10,400,16.1
10,500,16.799999
10,600,17.1
10,700,17.1
10,800,14.9
10,900,13
10,1000,11.8
10,1100,11.6
10,1200,10.2
10,1300,9.7
10,1400,8.9
10,1500,8.8
10,1600,8.7
10,1700,8.3
10,1800,8.4
10,1900,8.2
10,2000,8.2
10,2100,8.3
10,2200,8.8
10,2300,9.6
11,0,12.3
11,100,14.2
11,200,16.799999
11,300,17.5
11,400,18.700001
11,500,20.200001
11,600,20.299999
11,700,19.6
11,800,18
11,900,16.1
11,1000,13.8
11,1100,13.9
11,1200,13.5
11,1300,13.4
11,1400,13.2
11,1500,13.2
11,1600,13.2
11,1700,13
11,1800,13.7
11,1900,13.6
11,2000,12.5
11,2100,11.7
11,2200,11.6
11,2300,13.3
12,0,15.5
12,100,16.1
12,200,17.5
12,300,17.700001
12,400,18
12,500,18.6
12,600,18.5
12,700,16.799999
12,800,15.9
12,900,13.6
12,1000,12.3
12,1100,11.9
12,1200,11.1
12,1300,10.6
12,1400,10.2
12,1500,10.1
12,1600,9.8
12,1700,9.6
12,1800,9.2
12,1900,9
12,2000,8.7
12,2100,8.2
12,2200,7.8
12,2300,10
13,0,12.2
13,100,14.4
13,200,16.4
13,300,18.200001
13,400,18.799999
13,500,19.299999
13,600,19
13,700,17.9
13,800,17
13,900,16.200001
13,1000,13.7
13,1100,12.5
13,1200,11.5
13,1300,10.9
13,1400,10.1
13,1500,9.6
13,1600,9.5
13,1700,9
13,1800,8.7
13,1900,8.3
13,2000,8.3
13,2100,8.5
13,2200,10.7
13,2300,10.4
14,0,13.5
14,100,16.299999
14,200,18.200001
14,300,19.6
14,400,20.700001
14,500,21.799999
14,600,21.700001
14,700,21.1
14,800,19.6
14,900,17
14,1000,15.5
14,1100,14.2
14,1200,13.5
14,1300,13.1
14,1400,12.3
14,1500,11.8
14,1600,11.8
14,1700,11.5
14,1800,11.2
14,1900,10.7
14,2000,10.7
14,2100,10.4
14,2200,10.5
14,2300,12.1
15,0,15.3
15,100,18.1
15,200,20.200001
15,300,22.1
15,400,23.700001
15,500,24.6
15,600,24.700001
15,700,23.200001
15,800,21.5
15,900,19.700001
15,1000,18.6
15,1100,17.4
15,1200,16.5
15,1300,16.700001
15,1400,16
15,1500,17
15,1600,16.1
15,1700,16.700001
15,1800,15.6
15,1900,15.3
15,2000,15.3
15,2100,15.3
15,2200,15
15,2300,15.9
16,0,17.1
16,100,18.200001
16,200,18.6
16,300,18.299999
16,400,17.799999
16,500,18
16,600,17.4
16,700,17.299999
16,800,16.700001
16,900,15.2
16,1000,15.7
16,1100,15.3
16,1200,15.1
16,1300,15.2
16,1400,15.1
16,1500,15.3
16,1600,15.1
16,1700,14.6
16,1800,15.1
16,1900,14.8
16,2000,14.5
16,2100,15
16,2200,15.5
16,2300,16.1
17,0,17.1
17,100,18.9
17,200,19
17,300,19.9
17,400,20.1
17,500,21.1
17,600,20.6
17,700,19.700001
17,800,19.200001
17,900,17.9
17,1000,16.6
17,1100,16.200001
17,1200,16
17,1300,15.2
17,1400,14.7
17,1500,14.3
17,1600,13.7
17,1700,12.2
17,1800,11.2
17,1900,10.5
17,2000,10.4
17,2100,9.8
17,2200,10
17,2300,11.2
18,0,13
18,100,15.3
18,200,17
18,300,17.5
18,400,18.299999
18,500,19.6
18,600,20.1
18,700,20
18,800,18.700001
18,900,16.5
18,1000,15
18,1100,14.3
18,1200,13.5
18,1300,13
18,1400,12.6
18,1500,12.5
18,1600,11.8
18,1700,11.8
18,1800,11.6
18,1900,10.9
18,2000,10.7
18,2100,11.2
18,2200,11.5
18,2300,12.2
19,0,13.8
19,100,16.6
19,200,18.200001
19,300,21
19,400,21.9
19,500,22
19,600,21.700001
19,700,20.9
19,800,19.200001
19,900,17.200001
19,1000,15.3
19,1100,14.7
19,1200,13.9
19,1300,13.2
19,1400,12.5
19,1500,11.3
19,1600,11.5
19,1700,11
19,1800,10.9
19,1900,10.9
19,2000,10.3
19,2100,9.8
19,2200,10
19,2300,11.5
20,0,13.7
20,100,15.7
20,200,17.5
20,300,18.9
20,400,20.200001
20,500,20.799999
20,600,20.1
20,700,19.200001
20,800,18.299999
20,900,17
20,1000,16
20,1100,16.4
20,1200,16.700001
20,1300,16.700001
20,1400,16.700001
20,1500,16.5
20,1600,16.6
20,1700,16.4
20,1800,16.299999
20,1900,15.9
20,2000,15.6
20,2100,15.7
20,2200,15.7
20,2300,15.8
21,0,16.1
21,100,17.1
21,200,17.799999
21,300,18.200001
21,400,18.700001
21,500,19.1
21,600,18.5
21,700,18
21,800,17.5
21,900,16.799999
21,1000,16.4
21,1100,16
21,1200,15.8
21,1300,15.5
21,1400,15.4
21,1500,15.2
21,1600,15.1
21,1700,14.6
21,1800,14.7
21,1900,14.8
21,2000,14.2
21,2100,13.8
21,2200,14
21,2300,14.4
22,0,15.8
22,100,17
22,200,17.799999
22,300,18.5
22,400,19.6
22,500,19.6
22,600,19.9
22,700,19.799999
22,800,18.4
22,900,17.6
22,1000,17.5
22,1100,17.5
22,1200,17
22,1300,16.5
22,1400,16.200001
22,1500,15.9
22,1600,15.4
22,1700,15
22,1800,14.8
22,1900,15.5
22,2000,15.9
22,2100,16.1
22,2200,16
22,2300,15.8
23,0,16.1
23,100,16.299999
23,200,16.299999
23,300,16.1
23,400,15.6
23,500,13.7
23,600,12.1
23,700,11.9
23,800,11.3
23,900,11.3
23,1000,11.3
23,1100,11.3
23,1200,11.2
23,1300,11.1
23,1400,11
23,1500,11
23,1600,10.9
23,1700,10.4
23,1800,10.3
23,1900,9.9
23,2000,9.6
23,2100,9.3
23,2200,8.9
23,2300,10
24,0,11.9
24,100,14.2
24,200,16.1
24,300,17
24,400,19
24,500,19.5
24,600,19.5
24,700,18.299999
24,800,17.299999
24,900,16.6
24,1000,16.1
24,1100,16.299999
24,1200,15.7
24,1300,16
24,1400,15.6
24,1500,15.2
24,1600,14.3
24,1700,13.8
24,1800,13.5
24,1900,13.5
24,2000,13.4
24,2100,13.4
24,2200,13.6
24,2300,14.9
25,0,14.9
25,100,15.7
25,200,17.4
25,300,18.299999
25,400,17
25,500,16.9
25,600,17.4
25,700,17.299999
25,800,16.9
25,900,15.1
25,1000,13.2
25,1100,13
25,1200,12.1
25,1300,11.6
25,1400,11.7
25,1500,11.5
25,1600,11
25,1700,10.8
25,1800,11.1
25,1900,11.3
25,2000,10.3
25,2100,9.6
25,2200,9.1
25,2300,10.3
26,0,12.6
26,100,14.1
26,200,14.9
26,300,15.3
26,400,16.5
26,500,16.299999
26,600,15.7
26,700,15.5
26,800,15.2
26,900,15.1
26,1000,14.6
26,1100,13.1
26,1200,12.2
26,1300,11.8
26,1400,10.6
26,1500,10.5
26,1600,9.5
26,1700,9
26,1800,9.1
26,1900,9.2
26,2000,9
26,2100,8.7
26,2200,8.7
26,2300,9.8
27,0,10.4
27,100,11.8
27,200,13
27,300,14.2
27,400,15.6
27,500,16.700001
27,600,17.299999
27,700,17.5
27,800,16.9
27,900,15.6
27,1000,15
27,1100,15
27,1200,15.2
27,1300,15.3
27,1400,14.8
27,1500,14.4
27,1600,14.3
27,1700,14.1
27,1800,13.7
27,1900,13.4
27,2000,12.7
27,2100,13.9
27,2200,12.9
27,2300,12.7
28,0,13.2
28,100,13.7
28,200,14.5
28,300,14.7
28,400,15.4
28,500,16
28,600,16.4
28,700,16.200001
28,800,15.5
28,900,14.6
28,1000,14.4
28,1100,14.3
28,1200,13.8
28,1300,13
28,1400,12.2
28,1500,11
28,1600,10.5
28,1700,10.1
28,1800,9.6
28,1900,8.9
28,2000,8.3
28,2100,8
28,2200,7.6
28,2300,8
29,0,8.2
29,100,9.1
29,200,9.5
29,300,9.4
29,400,10.6
29,500,10.9
29,600,10.5
29,700,10
29,800,9.5
29,900,8.4
29,1000,7.9
29,1100,7.3
29,1200,6.6
29,1300,6
29,1400,5.6
29,1500,4.7
29,1600,4.4
29,1700,3.8
29,1800,4.2
29,1900,3.8
29,2000,2.9
29,2100,1.7
29,2200,1.3
29,2300,3.6
30,0,7.3
30,100,9
30,200,10
30,300,11.3
30,400,12
30,500,12.8
30,600,13
30,700,12.5
30,800,10.9
30,900,7.5
30,1000,5.6
30,1100,4.7
30,1200,4.1
30,1300,3.8
30,1400,3.2
30,1500,4.1
30,1600,4.2
30,1700,5
30,1800,5.7
30,1900,6.1
30,2000,5.9
30,2100,7.2
30,2200,8.5
30,2300,9
31,0,9.4
31,100,9.6
31,200,9.9
31,300,9.9
31,400,10.2
31,500,9.8
31,600,9.2
31,700,8.6
31,800,8.2
31,900,7.8
31,1000,7.5
31,1100,7.4
31,1200,6.8
31,1300,5.5
31,1400,4.5
31,1500,3.9
31,1600,3.7
31,1700,3.7
31,1800,3.4
31,1900,3
31,2000,2.4
31,2100,1.7
31,2200,0.9
31,2300,1.8
 Start : 20161101 ,,
1,0,3
1,100,3.4
1,200,4.7
1,300,5
1,400,5.4
1,500,5.5
1,600,5.6
1,700,5.2
1,800,4.5
1,900,2.4
1,1000,1.6
1,1100,0.8
1,1200,0.7
1,1300,0
1,1400,-0.5
1,1500,-1.3
1,1600,-0.8
1,1700,-1.7
1,1800,-1.3
1,1900,-2.4
1,2000,-2.5
1,2100,-2.5
1,2200,-2.6
1,2300,-1.2
2,0,2.2
2,100,4.9
2,200,6.7
2,300,7.9
2,400,9.6
2,500,9.9
2,600,9.6
2,700,9.4
2,800,8.5
2,900,7.7
2,1000,6.7
2,1100,6.8
2,1200,6.4
2,1300,5.7
2,1400,6.2
2,1500,5.2
2,1600,4.8
2,1700,6.1
2,1800,5.3
2,1900,5.1
2,2000,3.5
2,2100,3.5
2,2200,4.4
2,2300,5.1
3,0,6.8
3,100,9.7
3,200,12.1
3,300,13.4
3,400,14.2
3,500,14.7
3,600,14.5
3,700,14.2
3,800,12.8
3,900,9.6
3,1000,8.6
3,1100,7.2
3,1200,7
3,1300,6.4
3,1400,6.1
3,1500,6.8
3,1600,5.1
3,1700,5
3,1800,5.4
3,1900,5.2
3,2000,5.2
3,2100,4.6
3,2200,5.9
3,2300,7.2
4,0,10
4,100,13.4
4,200,15.4
4,300,15.8
4,400,16.5
4,500,16
4,600,15.4
4,700,15.2
4,800,14.4
4,900,13.5
4,1000,13.5
4,1100,13.2
4,1200,12.5
4,1300,12.4
4,1400,12
4,1500,11.3
4,1600,11.5
4,1700,10.1
4,1800,10.3
4,1900,11.1
4,2000,11.5
4,2100,12.3
4,2200,12.4
4,2300,13
5,0,14.6
5,100,16.1
5,200,17.1
5,300,18.1
5,400,18.799999
5,500,18.4
5,600,18.200001
5,700,17.700001
5,800,16.700001
5,900,15.3
5,1000,14.5
5,1100,13.9
5,1200,13.6
5,1300,13.1
5,1400,12.7
5,1500,12.8
5,1600,11.6
5,1700,12.4
5,1800,11.9
5,1900,11.8
5,2000,11.3
5,2100,10.6
5,2200,11.9
5,2300,11.8
6,0,12.7
6,100,14.1
6,200,15.7
6,300,17.299999
6,400,18.4
6,500,18.1
6,600,17.4
6,700,16.700001
6,800,16
6,900,15.1
6,1000,14.2
6,1100,13.5
6,1200,13
6,1300,12.5
6,1400,12
6,1500,11.2
6,1600,11.8
6,1700,11.7
6,1800,11.6
6,1900,11.6
6,2000,11.2
6,2100,10.8
6,2200,10.1
6,2300,10.6
7,0,12.4
7,100,14
7,200,15.8
7,300,17.200001
7,400,16.799999
7,500,17.4
7,600,17.9
7,700,16.1
7,800,15.2
7,900,14.4
7,1000,14
7,1100,12
7,1200,11
7,1300,10.6
7,1400,9.2
7,1500,9.2
7,1600,9.1
7,1700,8.5
7,1800,8.1
7,1900,6.8
7,2000,6.6
7,2100,6.7
7,2200,6.3
7,2300,5.7
8,0,5.6
8,100,5.6
8,200,6.9
8,300,6.6
8,400,6.5
8,500,6.7
8,600,6.7
8,700,6.3
8,800,5.4
8,900,5.1
8,1000,4.7
8,1100,3.9
8,1200,3.3
8,1300,2.8
8,1400,2.5
8,1500,2.1
8,1600,1.7
8,1700,1.2
8,1800,0.7
8,1900,-0.1
8,2000,-0.4
8,2100,-0.2
8,2200,-1.5
8,2300,-0.6
9,0,1.2
9,100,2.9
9,200,3.7
9,300,5.2
9,400,5.9
9,500,6.3
9,600,7
9,700,6.4
9,800,4.9
9,900,2.7
9,1000,2
9,1100,1.1
9,1200,0.4
9,1300,0.1
9,1400,0.3
9,1500,0.4
9,1600,0.6
9,1700,0.8
9,1800,1.2
9,1900,1.8
9,2000,1.3
9,2100,1.5
9,2200,1.9
9,2300,2.9
10,0,4.2
10,100,6.5
10,200,7.6
10,300,8.2
10,400,9.7
10,500,10.2
10,600,8.6
10,700,7.5
10,800,7.2
10,900,6.9
10,1000,6.7
10,1100,6.1
10,1200,6.2
10,1300,6
10,1400,5.5
10,1500,6
10,1600,6
10,1700,6.3
10,1800,6.3
10,1900,6.5
10,2000,6.6
10,2100,7.6
10,2200,7.5
10,2300,7.9
11,0,9.1
11,100,12
11,200,13.4
11,300,13.3
11,400,13.7
11,500,14.2
11,600,14.2
11,700,13.5
11,800,11.9
11,900,9.4
11,1000,8.6
11,1100,7.3
11,1200,6.8
11,1300,6
11,1400,5.7
11,1500,5.8
11,1600,6
11,1700,5
11,1800,5.6
11,1900,4.8
11,2000,4.5
11,2100,4.2
11,2200,4.1
11,2300,5.1
12,0,7.2
12,100,8.7
12,200,11.9
12,300,14.7
12,400,15.7
12,500,16.6
12,600,16.1
12,700,15.9
12,800,14.6
12,900,12.8
12,1000,12.2
12,1100,11.1
12,1200,11.6
12,1300,11.3
12,1400,11.3
12,1500,11.8
12,1600,11.3
12,1700,10
12,1800,11.1
12,1900,10.8
12,2000,10.4
12,2100,10.5
12,2200,10
12,2300,10
13,0,11.2
13,100,13.1
13,200,14
13,300,15.1
13,400,17.200001
13,500,18.200001
13,600,18.700001
13,700,18.299999
13,800,16.1
13,900,15.1
13,1000,14.6
13,1100,14.9
13,1200,14.5
13,1300,13.5
13,1400,12.7
13,1500,12.2
13,1600,11.8
13,1700,11.4
13,1800,11.1
13,1900,11.9
13,2000,11.8
13,2100,12.4
13,2200,12
13,2300,11.9
14,0,13.1
14,100,15.4
14,200,17.299999
14,300,17.200001
14,400,17.1
14,500,16.799999
14,600,17.6
14,700,14.5
14,800,14.3
14,900,13.7
14,1000,14.1
14,1100,13.9
14,1200,13.5
14,1300,12.9
14,1400,12.8
14,1500,11.5
14,1600,10.1
14,1700,9.5
14,1800,8.4
14,1900,7.6
14,2000,6.7
14,2100,6.3
14,2200,5.6
14,2300,5.8
15,0,7.1
15,100,7.4
15,200,7.8
15,300,8
15,400,8.4
15,500,8.8
15,600,9.1
15,700,8.8
15,800,7.7
15,900,7.9
15,1000,5
15,1100,4.5
15,1200,3.6
15,1300,2.8
15,1400,2
15,1500,1.7
15,1600,1.1
15,1700,0.3
15,1800,-0.7
15,1900,-0.9
15,2000,-1
15,2100,-1.6
15,2200,-1.5
15,2300,-0.3
16,0,2.5
16,100,5.1
16,200,7
16,300,7.9
16,400,9
16,500,10.4
16,600,10.7
16,700,10.6
16,800,8.8
16,900,8.8
16,1000,5.7
16,1100,4.7
16,1200,3.4
16,1300,3
16,1400,2.5
16,1500,2.7
16,1600,1.8
16,1700,1.6
16,1800,1.6
16,1900,2.1
16,2000,1.9
16,2100,1.4
16,2200,1.2
16,2300,1.9
17,0,4.6
17,100,7.7
17,200,10.2
17,300,12
17,400,13
17,500,13.6
17,600,13.8
17,700,13.1
17,800,11.3
17,900,9.1
17,1000,7.7
17,1100,6.4
17,1200,5.7
17,1300,4.9
17,1400,4.6
17,1500,4.6
17,1600,4
17,1700,3.4
17,1800,3.4
17,1900,2.9
17,2000,2.9
17,2100,2.5
17,2200,2.7
17,2300,3.3
18,0,5.3
18,100,8.1
18,200,11
18,300,12.3
18,400,12.9
18,500,12.4
18,600,10.4
18,700,10.1
18,800,9.9
18,900,9.8
18,1000,9.1
18,1100,9.1
18,1200,9.1
18,1300,9
18,1400,9.1
18,1500,9.5
18,1600,9.6
18,1700,9.7
18,1800,9.7
18,1900,9.8
18,2000,9.8
18,2100,9.7
18,2200,9.7
18,2300,9.9
19,0,10.3
19,100,11
19,200,12.1
19,300,12.8
19,400,13
19,500,13.4
19,600,14
19,700,14
19,800,13.9
19,900,13.6
19,1000,13.3
19,1100,13.4
19,1200,13.4
19,1300,13.3
19,1400,12.7
19,1500,12.2
19,1600,12.2
19,1700,11.5
19,1800,10.7
19,1900,9.2
19,2000,8.9
19,2100,7.7
19,2200,6.7
19,2300,7
20,0,8.5
20,100,9.7
20,200,10.7
20,300,12.1
20,400,12.6
20,500,12.5
20,600,12.6
20,700,12.3
20,800,10.2
20,900,8.2
20,1000,6.6
20,1100,6.1
20,1200,6
20,1300,6.4
20,1400,5.2
20,1500,4.8
20,1600,3.6
20,1700,3.5
20,1800,3.2
20,1900,3.7
20,2000,3.8
20,2100,4.8
20,2200,5.6
20,2300,6.4
21,0,7.1
21,100,8.4
21,200,8.9
21,300,9.1
21,400,9.7
21,500,10.7
21,600,12
21,700,12
21,800,11.2
21,900,9.8
21,1000,10.5
21,1100,10.1
21,1200,10.3
21,1300,9.6
21,1400,9.2
21,1500,8.3
21,1600,9
21,1700,7.8
21,1800,7.2
21,1900,6.8
21,2000,6
21,2100,5.1
21,2200,3.5
21,2300,3.5
22,0,3.6
22,100,3.7
22,200,4.4
22,300,3.9
22,400,4
22,500,3.8
22,600,4.1
22,700,3.8
22,800,2.7
22,900,1.7
22,1000,1.6
22,1100,1.7
22,1200,1.1
22,1300,0.5
22,1400,0.1
22,1500,-0.1
22,1600,-0.3
22,1700,-0.4
22,1800,-1
22,1900,-1.5
22,2000,-1.7
22,2100,-2
22,2200,-2.6
22,2300,-2.5
23,0,-0.5
23,100,0.4
23,200,1.3
23,300,2.3
23,400,2.6
23,500,2.8
23,600,2.8
23,700,2.2
23,800,1.8
23,900,1.1
23,1000,0.6
23,1100,0.5
23,1200,0
23,1300,0
23,1400,0
23,1500,-0.1
23,1600,0
23,1700,-0.2
23,1800,-1.3
23,1900,-1.8
23,2000,-2.1
23,2100,-2.2
23,2200,-3.4
23,2300,-3
24,0,-1.2
24,100,1.3
24,200,2
24,300,2.5
24,400,3.1
24,500,3.6
24,600,1.7
24,700,1.6
24,800,1.1
24,900,0.2
24,1000,-1.4
24,1100,-1.9
24,1200,-1.7
24,1300,-1.9
24,1400,-2.6
24,1500,-3.2
24,1600,-3.8
24,1700,-3.5
24,1800,-2.3
24,1900,-1.6
24,2000,-1.1
24,2100,-0.9
24,2200,-1.1
24,2300,-1.1
25,0,0.7
25,100,1.5
25,200,2.9
25,300,4.2
25,400,5.2
25,500,5.9
25,600,6.5
25,700,5.9
25,800,4.2
25,900,3.7
25,1000,2.6
25,1100,1.2
25,1200,0
25,1300,-0.5
25,1400,-1.6
25,1500,-1.8
25,1600,-1.8
25,1700,-2.1
25,1800,-1.8
25,1900,-1.9
25,2000,-1.9
25,2100,-1.2
25,2200,-1.8
25,2300,-0.5
26,0,0.8
26,100,2.4
26,200,2.8
26,300,2.6
26,400,2.8
26,500,2.5
26,600,2.7
26,700,2.7
26,800,2.3
26,900,1.8
26,1000,1.6
26,1100,1.7
26,1200,2
26,1300,2
26,1400,2
26,1500,1.9
26,1600,1.3
26,1700,0.6
26,1800,0.5
26,1900,1
26,2000,1.6
26,2100,1.5
26,2200,1.5
26,2300,1.5
27,0,1.9
27,100,3.8
27,200,5.7
27,300,7.5
27,400,9.3
27,500,9.3
27,600,7.4
27,700,7.6
27,800,6.7
27,900,5.8
27,1000,3.3
27,1100,3.9
27,1200,4.2
27,1300,3.4
27,1400,3.7
27,1500,4
27,1600,4.4
27,1700,3.9
27,1800,2.7
27,1900,2
27,2000,2
27,2100,1.3
27,2200,0.9
27,2300,-0.1
28,0,2
28,100,4
28,200,4.7
28,300,5.4
28,400,5.5
28,500,6
28,600,5.5
28,700,4.8
28,800,3.6
28,900,2.3
28,1000,1.3
28,1100,1.5
28,1200,1.4
28,1300,0.7
28,1400,1.7
28,1500,0.9
28,1600,0.2
28,1700,0
28,1800,-1
28,1900,-2.4
28,2000,-2.5
28,2100,-3
28,2200,-3.1
28,2300,-3
29,0,0.5
29,100,3.7
29,200,5.4
29,300,5.9
29,400,6.2
29,500,6.9
29,600,6.8
29,700,5.9
29,800,4.5
29,900,2.1
29,1000,1.1
29,1100,-0.3
29,1200,-0.8
29,1300,-1.2
29,1400,-1.7
29,1500,-1.4
29,1600,-0.4
29,1700,-0.1
29,1800,-0.1
29,1900,0.1
29,2000,0.3
29,2100,0.6
29,2200,0.9
29,2300,1.8
30,0,3.9
30,100,5.6
30,200,6.7
30,300,8.3
30,400,6.4
30,500,9.6
30,600,9.9
30,700,9.1
30,800,8.5
30,900,6.9
30,1000,7.3
30,1100,7.1
30,1200,7.3
30,1300,7.7
30,1400,7.9
30,1500,7.3
30,1600,7.6
30,1700,6.5
30,1800,7
30,1900,7.3
30,2000,7.2
30,2100,7
30,2200,6.4
30,2300,6.2
 Start : 20161201 ,,
1,0,7.4
1,100,9
1,200,7.4
1,300,7.7
1,400,7.5
1,500,6.8
1,600,6.2
1,700,5.7
1,800,4.3
1,900,4
1,1000,4.1
1,1100,3.5
1,1200,2.5
1,1300,1.7
1,1400,0.9
1,1500,0
1,1600,-1.1
1,1700,-2.1
1,1800,-2.9
1,1900,-3.1
1,2000,-6.4
1,2100,-5
1,2200,-7.7
1,2300,-4.2
2,0,-1
2,100,1.7
2,200,4.1
2,300,5.1
2,400,6.2
2,500,7.5
2,600,7.4
2,700,6.5
2,800,5.3
2,900,3
2,1000,2
2,1100,1.1
2,1200,0.3
2,1300,-0.5
2,1400,-0.8
2,1500,-1.6
2,1600,-2.1
2,1700,-2.1
2,1800,-2.3
2,1900,-2.5
2,2000,-2.1
2,2100,-2.2
2,2200,-2.7
2,2300,-2.4
3,0,-0.1
3,100,3.2
3,200,5.9
3,300,7.6
3,400,8.8
3,500,9.2
3,600,9.5
3,700,8.7
3,800,7.3
3,900,4.7
3,1000,3.6
3,1100,2.7
3,1200,1.7
3,1300,0.9
3,1400,0.3
3,1500,0.4
3,1600,0.5
3,1700,0.8
3,1800,0.6
3,1900,0.7
3,2000,0.5
3,2100,0.3
3,2200,0.4
3,2300,0.6
4,0,1.8
4,100,3.4
4,200,4.9
4,300,6.2
4,400,8.3
4,500,8.8
4,600,9.3
4,700,9.6
4,800,8.4
4,900,7.3
4,1000,7.3
4,1100,7.6
4,1200,6.8
4,1300,6.9
4,1400,7.1
4,1500,6.6
4,1600,5.5
4,1700,6.1
4,1800,6.7
4,1900,6.9
4,2000,7.7
4,2100,8.2
4,2200,8.5
4,2300,8.7
5,0,9.6
5,100,11
5,200,11.6
5,300,11.6
5,400,12
5,500,11.2
5,600,10.3
5,700,9.2
5,800,8.1
5,900,7.5
5,1000,7.2
5,1100,6.7
5,1200,6.3
5,1300,5.2
5,1400,3.9
5,1500,3
5,1600,2.1
5,1700,1.3
5,1800,0.8
5,1900,0.3
5,2000,-0.2
5,2100,-0.9
5,2200,-1.2
5,2300,-1.2
6,0,-0.1
6,100,1
6,200,1.7
6,300,2.2
6,400,2.6
6,500,3.3
6,600,3
6,700,2.8
6,800,1.5
6,900,-1
6,1000,-1.4
6,1100,-3
6,1200,-3.3
6,1300,-4
6,1400,-8.5
6,1500,-9.6
6,1600,-5.3
6,1700,-4.5
6,1800,-3.1
6,1900,-2.6
6,2000,-0.2
6,2100,0.3
6,2200,0.3
6,2300,0.2
7,0,1.4
7,100,2.4
7,200,5.4
7,300,7.6
7,400,9
7,500,8.5
7,600,8.7
7,700,7.9
7,800,7
7,900,6.4
7,1000,4.9
7,1100,3.9
7,1200,2.7
7,1300,3
7,1400,1.7
7,1500,1.7
7,1600,-0.2
7,1700,-0.3
7,1800,-1.4
7,1900,-1.8
7,2000,-2
7,2100,-2.6
7,2200,-2.8
7,2300,-2.7
8,0,-0.9
8,100,2.3
8,200,5.6
8,300,7.3
8,400,7.6
8,500,8.5
8,600,7.9
8,700,7.6
8,800,7.1
8,900,6.8
8,1000,5.9
8,1100,5.6
8,1200,5.5
8,1300,4.9
8,1400,4.9
8,1500,4.9
8,1600,5.8
8,1700,6
8,1800,6.2
8,1900,6.2
8,2000,5.5
8,2100,5.4
8,2200,4.7
8,2300,4.1
9,0,3.9
9,100,4.2
9,200,4.4
9,300,5.3
9,400,4.8
9,500,4.9
9,600,3.4
9,700,3.9
9,800,2.7
9,900,1.5
9,1000,0.8
9,1100,0.8
9,1200,0.6
9,1300,0.4
9,1400,-0.3
9,1500,-0.7
9,1600,-1.3
9,1700,-1.7
9,1800,-2.2
9,1900,-2.9
9,2000,-3.4
9,2100,-6.3
9,2200,-3.5
9,2300,-2.8
10,0,-1.6
10,100,-0.6
10,200,0.9
10,300,2.1
10,400,2.8
10,500,3.7
10,600,3.7
10,700,2.9
10,800,1.5
10,900,0
10,1000,-0.7
10,1100,-0.6
10,1200,-0.9
10,1300,-1.3
10,1400,-1
10,1500,-1.3
10,1600,-1.7
10,1700,-1.5
10,1800,-2.9
10,1900,-5.8
10,2000,-4.4
10,2100,-4.2
10,2200,-4.4
10,2300,-4
11,0,-2
11,100,-0.1
11,200,1.5
11,300,2.8
11,400,3.6
11,500,4.2
11,600,4.6
11,700,4.6
11,800,2.5
11,900,0
11,1000,-1.5
11,1100,-2.8
11,1200,-3.1
11,1300,-3.8
11,1400,-3.8
11,1500,-5.9
11,1600,-3.6
11,1700,-3.4
11,1800,-3.8
11,1900,-3.4
11,2000,-3
11,2100,-3.3
11,2200,-3.3
11,2300,-3
12,0,-0.9
12,100,1.6
12,200,3
12,300,3.6
12,400,5.3
12,500,7.3
12,600,7.3
12,700,6
12,800,5.7
12,900,4.9
12,1000,4.7
12,1100,4.9
12,1200,4.5
12,1300,3.5
12,1400,1.9
12,1500,0.9
12,1600,0
12,1700,-0.8
12,1800,-1.2
12,1900,-1.4
12,2000,-2
12,2100,-1
12,2200,-1.1
12,2300,-0.3
13,0,1.2
13,100,3.3
13,200,4.4
13,300,5
13,400,6.1
13,500,7.1
13,600,5.8
13,700,5.1
13,800,3.9
13,900,3.3
13,1000,3
13,1100,2.9
13,1200,1.8
13,1300,0.8
13,1400,-0.2
13,1500,0
13,1600,-0.3
13,1700,-0.6
13,1800,-0.9
13,1900,-1.3
13,2000,-2.5
13,2100,-1.1
13,2200,-1.1
13,2300,-1.7
14,0,-0.3
14,100,0.8
14,200,1.2
14,300,1.5
14,400,1.6
14,500,1.5
14,600,1.6
14,700,1
14,800,0.6
14,900,0.1
14,1000,0.5
14,1100,0.6
14,1200,0.5
14,1300,0.4
14,1400,0.2
14,1500,-0.6
14,1600,-1.9
14,1700,-2.2
14,1800,-2.5
14,1900,-3.2
14,2000,-2.8
14,2100,-2.4
14,2200,-2.3
14,2300,-2.5
15,0,-2.3
15,100,-1.1
15,200,-0.7
15,300,0
15,400,-0.4
15,500,-0.2
15,600,-0.5
15,700,-0.8
15,800,-1.5
15,900,-0.9
15,1000,-2
15,1100,-2.4
15,1200,-2.7
15,1300,-3.2
15,1400,-4.9
15,1500,-8.4
15,1600,-11.9
15,1700,-11.1
15,1800,-5.4
15,1900,-5.9
15,2000,-5.7
15,2100,-5.2
15,2200,-5.9
15,2300,-5.3
16,0,-3.7
16,100,-2.5
16,200,-2.2
16,300,-0.1
16,400,0.9
16,500,1.4
16,600,1.5
16,700,0.8
16,800,-0.2
16,900,-0.5
16,1000,-1.6
16,1100,-1
16,1200,-0.6
16,1300,-0.4
16,1400,-0.1
16,1500,0.4
16,1600,0.9
16,1700,0.9
16,1800,0.8
16,1900,0.3
16,2000,0.8
16,2100,0.8
16,2200,0.8
16,2300,0.7
17,0,2.1
17,100,4.9
17,200,7.6
17,300,9.8
17,400,9.8
17,500,10.8
17,600,10.4
17,700,9.2
17,800,7.9
17,900,6.4
17,1000,5.4
17,1100,5.4
17,1200,4.6
17,1300,3.1
17,1400,2.4
17,1500,3.2
17,1600,3.6
17,1700,2.3
17,1800,2.6
17,1900,2.4
17,2000,2.5
17,2100,3.4
17,2200,3.8
17,2300,3.9
18,0,4.5
18,100,4.9
18,200,5.5
18,300,6.2
18,400,6.7
18,500,7.4
18,600,8.4
18,700,9.3
18,800,7.6
18,900,7.4
18,1000,6.4
18,1100,5.4
18,1200,5.2
18,1300,6.2
18,1400,6.2
18,1500,5.7
18,1600,5.7
18,1700,5.6
18,1800,5.2
18,1900,5
18,2000,5.2
18,2100,5.3
18,2200,5.5
18,2300,5.4
19,0,6.1
19,100,7.2
19,200,8.4
19,300,10
19,400,12.4
19,500,13.2
19,600,11.9
19,700,12.4
19,800,11.1
19,900,8.9
19,1000,8.2
19,1100,7.3
19,1200,7.4
19,1300,6.8
19,1400,5.2
19,1500,4.3
19,1600,4.1
19,1700,3.2
19,1800,3.1
19,1900,4
19,2000,3.7
19,2100,4.2
19,2200,4.4
19,2300,3.7
20,0,4.3
20,100,5.4
20,200,7
20,300,7.8
20,400,8.9
20,500,10.7
20,600,10.9
20,700,10.6
20,800,8.5
20,900,8.7
20,1000,4.6
20,1100,4.5
20,1200,3.1
20,1300,2.9
20,1400,1.5
20,1500,1
20,1600,1.5
20,1700,0.9
20,1800,1
20,1900,0.9
20,2000,1.2
20,2100,3.5
20,2200,2.3
20,2300,2.4
21,0,4.1
21,100,6.7
21,200,9.9
21,300,10.5
21,400,11.3
21,500,11.1
21,600,11.8
21,700,9.7
21,800,9.1
21,900,10.7
21,1000,8.9
21,1100,9.4
21,1200,10
21,1300,10.3
21,1400,11.6
21,1500,12.7
21,1600,13.8
21,1700,14.5
21,1800,13
21,1900,11.6
21,2000,9.1
21,2100,7.2
21,2200,8.6
21,2300,6.8
22,0,7
22,100,7.1
22,200,7.1
22,300,6.6
22,400,6.4
22,500,6.2
22,600,5.6
22,700,5.2
22,800,4.8
22,900,4.7
22,1000,4.2
22,1100,3.9
22,1200,3.6
22,1300,3.4
22,1400,3.2
22,1500,2.6
22,1600,2.3
22,1700,1.9
22,1800,1.5
22,1900,1.1
22,2000,1
22,2100,0.8
22,2200,0.5
22,2300,0.2
23,0,0
23,100,-0.4
23,200,-0.5
23,300,-0.3
23,400,0
23,500,-0.3
23,600,-1
23,700,-1
23,800,-1.1
23,900,-0.9
23,1000,-0.8
23,1100,-0.8
23,1200,-0.9
23,1300,-1
23,1400,-1.1
23,1500,-1.4
23,1600,-1.5
23,1700,-1.8
23,1800,-2
23,1900,-2.4
23,2000,-2.9
23,2100,-2.7
23,2200,-3
23,2300,-3.3
24,0,-2.8
24,100,-1.8
24,200,-1.5
24,300,-1.1
24,400,-0.6
24,500,-0.3
24,600,0
24,700,0
24,800,-0.7
24,900,-1.5
24,1000,-1.7
24,1100,-2.3
24,1200,-2.4
24,1300,-3.1
24,1400,-3.8
24,1500,-4.2
24,1600,-4.2
24,1700,-4.2
24,1800,-3.4
24,1900,-4.2
24,2000,-4.5
24,2100,-3.1
24,2200,-4.4
24,2300,-4.5
25,0,-3.2
25,100,-1.1
25,200,0.5
25,300,2
25,400,3.2
25,500,4.2
25,600,4.3
25,700,4.1
25,800,2.8
25,900,2.2
25,1000,1.1
25,1100,0.7
25,1200,0.4
25,1300,0.4
25,1400,0.4
25,1500,0
25,1600,0.3
25,1700,0.6
25,1800,0.7
25,1900,0.9
25,2000,1.1
25,2100,0.7
25,2200,1.4
25,2300,1.4
26,0,1.9
26,100,2.2
26,200,2.9
26,300,3.7
26,400,4.4
26,500,4.3
26,600,3.8
26,700,3.8
26,800,3.6
26,900,3.2
26,1000,3.1
26,1100,3.1
26,1200,3.2
26,1300,3.3
26,1400,2.8
26,1500,2.5
26,1600,2.5
26,1700,2.1
26,1800,2
26,1900,2.4
26,2000,2.1
26,2100,1.8
26,2200,1.3
26,2300,0.9
27,0,0.7
27,100,0.8
27,200,0.5
27,300,0.3
27,400,0.3
27,500,0.4
27,600,0.3
27,700,0
27,800,-1
27,900,-1.8
27,1000,-2.2
27,1100,-2.7
27,1200,-3.4
27,1300,-3.9
27,1400,-4.3
27,1500,-4.7
27,1600,-5.2
27,1700,-5.6
27,1800,-6
27,1900,-7.2
27,2000,-7
27,2100,-8
27,2200,-8.3
27,2300,-8.1
28,0,-5.8
28,100,-3.8
28,200,-1.9
28,300,-1.6
28,400,-0.2
28,500,0.8
28,600,1.3
28,700,0.9
28,800,-0.2
28,900,-0.9
28,1000,-1.5
28,1100,-2
28,1200,-1.7
28,1300,-1.7
28,1400,-2.1
28,1500,-2.3
28,1600,-2.5
28,1700,-2.6
28,1800,-2.6
28,1900,-1.9
28,2000,-1
28,2100,-2.2
28,2200,-1.6
28,2300,-2.7
29,0,-2.2
29,100,-1.7
29,200,-1.4
29,300,-1
29,400,-0.9
29,500,-0.6
29,600,-0.1
29,700,-1.1
29,800,-1.7
29,900,-1.9
29,1000,-3.5
29,1100,-3.5
29,1200,-3.4
29,1300,-4.5
29,1400,-4.3
29,1500,-4.6
29,1600,-5.3
29,1700,-5.8
29,1800,-5.9
29,1900,-6.7
29,2000,-7.8
29,2100,-5.2
29,2200,-8.5
29,2300,-8.2
30,0,-6
30,100,-3.3
30,200,-1.2
30,300,0.5
30,400,1.5
30,500,2.8
30,600,3.3
30,700,2
30,800,1.2
30,900,-0.2
30,1000,-0.9
30,1100,-1
30,1200,0
30,1300,0.1
30,1400,-0.1
30,1500,-1.5
30,1600,-0.9
30,1700,-0.7
30,1800,-0.5
30,1900,-0.6
30,2000,-0.6
30,2100,-0.7
30,2200,-0.4
30,2300,-0.2
31,0,0.3
31,100,2.1
31,200,3.9
31,300,5.7
31,400,6.6
31,500,6.7
31,600,5.8
31,700,6
31,800,4.1
31,900,2.3
31,1000,2.6
31,1100,2.5
31,1200,2.5
31,1300,2.1
31,1400,2.4
31,1500,2.3
31,1600,1.9
31,1700,1.9
31,1800,1.3
31,1900,0.9
31,2000,0.3
31,2100,0.6
31,2200,0.6
31,2300,0.3
 ,,
