지점,일시,기온(°C),풍향(deg),풍속(m/s),강수량(mm),현지기압(hPa),해면기압(hPa),습도(%),일사(MJ/m^2),일조(hr)
616,2020-01-01 1:00,-5.5,0,0.4,0,,,75.3,,
616,2020-01-01 2:00,-5.1,83.8,0.8,0,,,74.1,,
616,2020-01-01 3:00,-4.7,150.5,0.6,0,,,77.3,,
616,2020-01-01 4:00,-4.7,0,0.2,0,,,84,,
616,2020-01-01 5:00,-4.7,151.3,0.6,0,,,84.8,,
616,2020-01-01 6:00,-4,142.2,0.5,0,,,90,,
616,2020-01-01 7:00,-3.6,0,0.2,0,,,93.9,,
616,2020-01-01 8:00,-3.3,147.7,0.7,0,,,91.7,,
616,2020-01-01 9:00,-2.6,156.3,0.6,0,,,90.1,,
616,2020-01-01 10:00,-0.9,0,0.4,0,,,82.5,,
616,2020-01-01 11:00,2,221,1.2,0,,,68.9,,
616,2020-01-01 12:00,2,43.8,0.8,0,,,69.5,,
616,2020-01-01 13:00,1.1,44.5,1.3,0,,,74.1,,
616,2020-01-01 14:00,1.4,73.7,0.7,0,,,71.9,,
616,2020-01-01 15:00,1.3,62.2,0.5,0,,,73.4,,
616,2020-01-01 16:00,1,70.1,0.5,0,,,81.5,,
616,2020-01-01 17:00,0.8,0,0.1,0,,,82.1,,
616,2020-01-01 18:00,0.1,0,0.1,0,,,86.7,,
616,2020-01-01 19:00,0.2,0,0.3,0,,,86.5,,
616,2020-01-01 20:00,0.3,135.8,0.5,0,,,85.7,,
616,2020-01-01 21:00,0,0,0,0,,,89.6,,
616,2020-01-01 22:00,0,0,0,0,,,89.4,,
616,2020-01-01 23:00,0,0,0,0,,,89.7,,
616,2020-01-02 0:00,-0.2,0,0.4,0,,,89.6,,
616,2020-01-02 1:00,-0.3,0,0.1,0,,,91,,
616,2020-01-02 2:00,-0.4,0,0.3,0,,,92.5,,
616,2020-01-02 3:00,-0.4,0,0,0,,,91,,
616,2020-01-02 4:00,-0.5,185.2,1.2,0,,,90.3,,
616,2020-01-02 5:00,-0.1,183.9,1.6,0,,,86.1,,
616,2020-01-02 6:00,0.7,185.5,1.5,0,,,77.9,,
616,2020-01-02 7:00,1,186.4,1.8,0,,,76.4,,
616,2020-01-02 8:00,1,0,0.4,0,,,77.9,,
616,2020-01-02 9:00,0.8,0,0.4,0,,,83.6,,
616,2020-01-02 10:00,0.8,108,0.5,0,,,81.7,,
616,2020-01-02 11:00,1.6,0,0.1,0,,,79.5,,
616,2020-01-02 12:00,2.7,0,0.3,0,,,77,,
616,2020-01-02 13:00,3.8,197.9,1.1,0,,,74.1,,
616,2020-01-02 14:00,4,210.9,1.4,0,,,74.5,,
616,2020-01-02 15:00,4.7,244.1,0.9,0,,,68.9,,
616,2020-01-02 16:00,4,316.8,0.9,0,,,75.4,,
616,2020-01-02 17:00,3.9,23.6,0.8,0,,,75.1,,
616,2020-01-02 18:00,1.5,322.8,0.5,0,,,86.6,,
616,2020-01-02 19:00,1,245.7,0.6,0,,,89.7,,
616,2020-01-02 20:00,1.3,0,0,0,,,89.5,,
616,2020-01-02 21:00,1.3,0,0.3,0,,,89.2,,
616,2020-01-02 22:00,1.3,0,0.4,0,,,89.2,,
616,2020-01-02 23:00,0.7,0,0.3,0,,,89.8,,
616,2020-01-03 0:00,0.1,0,0,0,,,92.2,,
616,2020-01-03 1:00,0.8,328,1,0,,,87.6,,
616,2020-01-03 2:00,0.3,287.9,0.5,0,,,89.5,,
616,2020-01-03 3:00,-0.2,0,0.2,0,,,88.9,,
616,2020-01-03 4:00,0,0,0.4,0,,,88.4,,
616,2020-01-03 5:00,-0.4,0,0.1,0,,,91.6,,
616,2020-01-03 6:00,-1.1,0,0,0,,,92.7,,
616,2020-01-03 7:00,-1.9,0,0,0,,,95.3,,
616,2020-01-03 8:00,-2.1,0,0.1,0,,,96.6,,
616,2020-01-03 9:00,-0.9,0,0,0,,,95.4,,
616,2020-01-03 10:00,1.3,0,0,0,,,89.9,,
616,2020-01-03 11:00,2.9,302.1,0.9,0,,,78.2,,
616,2020-01-03 12:00,4.1,299.8,1.8,0,,,70,,
616,2020-01-03 13:00,4.6,323,3.1,0,,,60.5,,
616,2020-01-03 14:00,4.9,352,3.1,0,,,58.8,,
616,2020-01-03 15:00,5.2,320.5,3.4,0,,,43.4,,
616,2020-01-03 16:00,4.5,318.1,2.1,0,,,54.1,,
616,2020-01-03 17:00,2.9,351.9,1.8,0,,,63.3,,
616,2020-01-03 18:00,0.4,231.5,0.6,0,,,76.8,,
616,2020-01-03 19:00,0,229,0.7,0,,,81.8,,
616,2020-01-03 20:00,-0.6,222.1,1,0,,,84.4,,
616,2020-01-03 21:00,-0.7,0,0.4,0,,,83.6,,
616,2020-01-03 22:00,-1.8,186.7,0.5,0,,,88.8,,
616,2020-01-03 23:00,-1.7,187.9,0.7,0,,,88.3,,
616,2020-01-04 0:00,-1.7,202.6,1.1,0,,,92.3,,
616,2020-01-04 1:00,-2.8,0,0.4,0,,,94.6,,
616,2020-01-04 2:00,-0.8,192.4,2.1,0,,,87.4,,
616,2020-01-04 3:00,-1.1,190.6,2.4,0,,,89.3,,
616,2020-01-04 4:00,-1.7,0,0.1,0,,,94.3,,
616,2020-01-04 5:00,-1.4,218.6,0.9,0,,,94.8,,
616,2020-01-04 6:00,-0.2,191,0.5,0,,,89.6,,
616,2020-01-04 7:00,1,195.7,1.5,0,,,83,,
616,2020-01-04 8:00,-1.6,0,0,0,,,93.1,,
616,2020-01-04 9:00,0.1,186.2,1.3,0,,,88.6,,
616,2020-01-04 10:00,1.9,157.8,1,0,,,84.6,,
616,2020-01-04 11:00,4.2,168.1,0.6,0,,,76.4,,
616,2020-01-04 12:00,6.1,322.8,1.5,0,,,69.9,,
616,2020-01-04 13:00,6.9,347.4,2.7,0,,,64.4,,
616,2020-01-04 14:00,6.7,322.5,2.6,0,,,51.7,,
616,2020-01-04 15:00,6.8,316.4,2.5,0,,,46.5,,
616,2020-01-04 16:00,6.2,349.9,2.6,0,,,53.9,,
616,2020-01-04 17:00,4.4,314.8,2,0,,,52.7,,
616,2020-01-04 18:00,1.5,0,0.4,0,,,67.5,,
616,2020-01-04 19:00,0.6,0,0.4,0,,,70.9,,
616,2020-01-04 20:00,-0.6,0,0.1,0,,,77,,
616,2020-01-04 21:00,-0.9,212.1,0.5,0,,,78.7,,
616,2020-01-04 22:00,-1.6,0,0.4,0,,,79.9,,
616,2020-01-04 23:00,-1.4,191.4,0.6,0,,,78.3,,
616,2020-01-05 0:00,-2.2,0,0.4,0,,,84.4,,
616,2020-01-05 1:00,-2.9,0,0.3,0,,,85,,
616,2020-01-05 2:00,-2.3,0,0.4,0,,,81.9,,
616,2020-01-05 3:00,-3.3,156,0.6,0,,,87.3,,
616,2020-01-05 4:00,-3.1,0,0.3,0,,,84.8,,
616,2020-01-05 5:00,-3.4,0,0.3,0,,,87.5,,
616,2020-01-05 6:00,-4.4,0,0.4,0,,,90,,
616,2020-01-05 7:00,-4.6,0,0.4,0,,,90.5,,
616,2020-01-05 8:00,-4.7,0,0,0,,,91.4,,
616,2020-01-05 9:00,-3.4,0,0.3,0,,,87.4,,
616,2020-01-05 10:00,1.3,0,0.4,0,,,65.8,,
616,2020-01-05 11:00,3.4,93.5,0.8,0,,,52.2,,
616,2020-01-05 12:00,4.9,87.7,1.3,0,,,43.7,,
616,2020-01-05 13:00,5.2,349.1,2,0,,,41.7,,
616,2020-01-05 14:00,5.9,36.6,2,0,,,35.7,,
616,2020-01-05 15:00,5.8,337.9,2.1,0,,,29.7,,
616,2020-01-05 16:00,4.7,338.5,1.9,0,,,38.7,,
616,2020-01-05 17:00,4,359.2,1.4,0,,,44.6,,
616,2020-01-05 18:00,2.7,25.9,0.5,0,,,55.2,,
616,2020-01-05 19:00,1.9,0,0.2,0,,,59.3,,
616,2020-01-05 20:00,1.2,0,0.1,0,,,64.6,,
616,2020-01-05 21:00,-0.1,0,0.3,0,,,67.7,,
616,2020-01-05 22:00,-1.2,0,0.1,0,,,77.7,,
616,2020-01-05 23:00,-1.3,0,0.2,0,,,78.4,,
616,2020-01-06 0:00,-0.8,0,0.3,0,,,79,,
616,2020-01-06 1:00,0.3,134,0.6,0,,,72.2,,
616,2020-01-06 2:00,0.8,106.4,0.6,0,,,69.1,,
616,2020-01-06 3:00,1.3,85.5,0.9,0,,,63.4,,
616,2020-01-06 4:00,1.1,0,0.3,0,,,64.2,,
616,2020-01-06 5:00,1,0,0.3,0,,,69.3,,
616,2020-01-06 6:00,1.2,341.2,0.5,0,,,68,,
616,2020-01-06 7:00,1.8,191.4,2.7,0,,,73.9,,
616,2020-01-06 8:00,0.6,111.1,0.5,0,,,93.3,,
616,2020-01-06 9:00,1.5,112.1,0.9,0,,,90.9,,
616,2020-01-06 10:00,2.1,95.1,1.5,0,,,78.6,,
616,2020-01-06 11:00,2.2,86.8,2.2,0.5,,,84.2,,
616,2020-01-06 12:00,2.3,103.6,1.1,0.5,,,92.5,,
616,2020-01-06 13:00,3.1,99.7,1.5,0.5,,,92.6,,
616,2020-01-06 14:00,3.6,102.6,1.2,0,,,93.7,,
616,2020-01-06 15:00,3.2,101,1.7,0,,,94.1,,
616,2020-01-06 16:00,3,91.6,1.4,0,,,95.3,,
616,2020-01-06 17:00,3,107.1,1.3,0,,,96.7,,
616,2020-01-06 18:00,2.9,99.9,1.8,0.5,,,97.8,,
616,2020-01-06 19:00,3.1,88,1.8,0,,,98.4,,
616,2020-01-06 20:00,3.2,86.3,2.4,1,,,98.8,,
616,2020-01-06 21:00,3.5,84.5,1.5,1,,,98.9,,
616,2020-01-06 22:00,3.8,85.2,1.6,1,,,98.9,,
616,2020-01-06 23:00,3.9,88.5,1.5,2,,,98.9,,
616,2020-01-07 0:00,4.1,83.8,1.9,0.5,,,98.9,,
616,2020-01-07 1:00,4.4,90.7,1.6,1.5,,,98.9,,
616,2020-01-07 2:00,4.5,89.7,1.8,2.5,,,98.9,,
616,2020-01-07 3:00,4.8,90.2,1.4,2,,,98.9,,
616,2020-01-07 4:00,5,83.5,1,3.5,,,98.9,,
616,2020-01-07 5:00,5.3,94,0.8,4,,,98.9,,
616,2020-01-07 6:00,5.4,100.1,1,1,,,98.9,,
616,2020-01-07 7:00,5.5,72,1,2,,,98.9,,
616,2020-01-07 8:00,5.6,87.6,0.7,1.5,,,98.9,,
616,2020-01-07 9:00,5.9,96,1,2,,,98.9,,
616,2020-01-07 10:00,6.1,106.9,1.1,1,,,98.9,,
616,2020-01-07 11:00,6.6,89.7,0.9,1.5,,,98.9,,
616,2020-01-07 12:00,6.8,74.2,0.6,2,,,98.9,,
616,2020-01-07 13:00,7,86.7,0.5,2,,,98.9,,
616,2020-01-07 14:00,7.1,93.9,0.5,0.5,,,98.9,,
616,2020-01-07 15:00,7.2,84.3,1.2,0,,,98.9,,
616,2020-01-07 16:00,7.3,99.4,1.2,1.5,,,98.9,,
616,2020-01-07 17:00,7.5,91.1,1.2,2,,,98.9,,
616,2020-01-07 18:00,7.9,83.6,0.9,3.5,,,98.9,,
616,2020-01-07 19:00,8.4,117.8,0.9,3.5,,,98.9,,
616,2020-01-07 20:00,13.7,201.9,4.5,4,,,98.9,,
616,2020-01-07 21:00,12.3,193.5,4.5,3,,,98.9,,
616,2020-01-07 22:00,11.7,196,5.3,1.5,,,98.7,,
616,2020-01-07 23:00,10.9,191.2,4,0,,,98.9,,
616,2020-01-08 0:00,8.5,216.3,4.3,0,,,96.2,,
616,2020-01-08 1:00,5.9,236,5.4,0,,,95.4,,
616,2020-01-08 2:00,5.8,237.4,4.3,0,,,96.4,,
616,2020-01-08 3:00,5.1,233.3,4.2,1.5,,,93.8,,
616,2020-01-08 4:00,3.8,246.8,4,0.5,,,96.3,,
616,2020-01-08 5:00,4.1,244.5,3.8,0.5,,,92.4,,
616,2020-01-08 6:00,3.9,245.2,3.6,0.5,,,93.4,,
616,2020-01-08 7:00,4.1,266.9,2.1,0,,,90,,
616,2020-01-08 8:00,3.5,299.7,2.3,0.5,,,93.9,,
616,2020-01-08 9:00,3.3,311.1,2.6,0.5,,,93.1,,
616,2020-01-08 10:00,3.3,316.7,3,1,,,94.9,,
616,2020-01-08 11:00,3.3,320.8,3.3,0.5,,,93.5,,
616,2020-01-08 12:00,3.3,267.6,1.7,0,,,92.7,,
616,2020-01-08 13:00,3.2,279.7,2,0,,,93,,
616,2020-01-08 14:00,3.1,321.8,1.7,0,,,92.5,,
616,2020-01-08 15:00,3.2,249.9,1.1,0,,,90.9,,
616,2020-01-08 16:00,3,236.7,2,0,,,89.9,,
616,2020-01-08 17:00,2.8,260.1,1.8,0,,,89.7,,
616,2020-01-08 18:00,2.5,252,1.7,0,,,88.5,,
616,2020-01-08 19:00,2.3,247.5,2.1,0,,,86.1,,
616,2020-01-08 20:00,2.2,228.7,2.1,0,,,80.9,,
616,2020-01-08 21:00,2,322.1,3.3,0,,,80.2,,
616,2020-01-08 22:00,2.1,322.2,2.5,0,,,76.3,,
616,2020-01-08 23:00,1.9,315.5,2.5,0,,,74.4,,
616,2020-01-09 0:00,1.6,315.3,3.2,0,,,75.7,,
616,2020-01-09 1:00,1.3,324,2.9,0,,,73.6,,
616,2020-01-09 2:00,1.2,311.2,1,0,,,73.9,,
616,2020-01-09 3:00,0.9,321.2,0.9,0,,,75.5,,
616,2020-01-09 4:00,0,317.5,1.8,0,,,82,,
616,2020-01-09 5:00,-0.5,328.9,0.8,0,,,84.2,,
616,2020-01-09 6:00,0.1,311.8,1.1,0,,,79.4,,
616,2020-01-09 7:00,-0.6,310.2,1.6,0,,,82.1,,
616,2020-01-09 8:00,-0.9,313.1,0.7,0,,,82.6,,
616,2020-01-09 9:00,-0.4,302.2,1,0,,,79,,
616,2020-01-09 10:00,0.7,333.3,2.7,0,,,74.2,,
616,2020-01-09 11:00,0.8,320.3,3,0,,,73.1,,
616,2020-01-09 12:00,2,314.1,3.7,0,,,67.9,,
616,2020-01-09 13:00,1.8,321.6,3.5,0,,,71.3,,
616,2020-01-09 14:00,1.6,332.9,3,0,,,70.1,,
616,2020-01-09 15:00,1.9,291.2,2.5,0,,,64,,
616,2020-01-09 16:00,1.2,316.2,3.1,0,,,70.8,,
616,2020-01-09 17:00,0.5,317.5,2.7,0,,,72,,
616,2020-01-09 18:00,-0.6,324.8,0.7,0,,,78.9,,
616,2020-01-09 19:00,-1.8,0,0.4,0,,,85.3,,
616,2020-01-09 20:00,-1.9,227.6,0.7,0,,,87.3,,
616,2020-01-09 21:00,-2.4,224.3,0.7,0,,,89.2,,
616,2020-01-09 22:00,-2.1,224.9,1.1,0,,,89.4,,
616,2020-01-09 23:00,-2.9,219.6,0.5,0,,,90.5,,
616,2020-01-10 0:00,-3.4,0,0.2,0,,,92.8,,
616,2020-01-10 1:00,-3.5,0,0.2,0,,,93.3,,
616,2020-01-10 2:00,-3.9,0,0.2,0,,,95.8,,
616,2020-01-10 3:00,-4,0,0,0,,,95.1,,
616,2020-01-10 4:00,-4.4,0,0.2,0,,,96.5,,
616,2020-01-10 5:00,-4.4,0,0.2,0,,,96.3,,
616,2020-01-10 6:00,-4.7,0,0,0,,,96.6,,
616,2020-01-10 7:00,-4.4,159.2,0.5,0,,,95.5,,
616,2020-01-10 8:00,-4.7,0,0.1,0,,,95.6,,
616,2020-01-10 9:00,-3.5,0,0.1,0,,,95.1,,
616,2020-01-10 10:00,-1.7,186.1,1.1,0,,,85.1,,
616,2020-01-10 11:00,0.6,334.2,0.6,0,,,73.8,,
616,2020-01-10 12:00,1.7,349.5,1.3,0,,,72.7,,
616,2020-01-10 13:00,2.5,341.4,2.4,0,,,68.9,,
616,2020-01-10 14:00,3,345.5,2.2,0,,,65.6,,
616,2020-01-10 15:00,3.6,329.7,1.8,0,,,52.3,,
616,2020-01-10 16:00,3.4,305.3,2.2,0,,,49.4,,
616,2020-01-10 17:00,2.6,313.6,1.4,0,,,58.8,,
616,2020-01-10 18:00,0,0,0.2,0,,,73.4,,
616,2020-01-10 19:00,-0.7,205.8,0.7,0,,,78.4,,
616,2020-01-10 20:00,-0.8,222.7,0.9,0,,,78.5,,
616,2020-01-10 21:00,-0.9,207.4,0.6,0,,,79.1,,
616,2020-01-10 22:00,-1.5,0,0.4,0,,,84.3,,
616,2020-01-10 23:00,-2.1,169.1,0.6,0,,,89.5,,
616,2020-01-11 0:00,-2.1,0,0.4,0,,,89.5,,
616,2020-01-11 1:00,-2.5,140.2,1.2,0,,,92.6,,
616,2020-01-11 2:00,-2.8,0,0,0,,,93.6,,
616,2020-01-11 3:00,-2.7,0,0.1,0,,,94.6,,
616,2020-01-11 4:00,-2.7,150.7,0.9,0,,,96.2,,
616,2020-01-11 5:00,-1.8,151.4,0.5,0,,,94.4,,
616,2020-01-11 6:00,-1.6,135.5,1.1,0,,,93.4,,
616,2020-01-11 7:00,-1.5,178.1,0.6,0,,,95.1,,
616,2020-01-11 8:00,-1.4,0,0.1,0,,,94.8,,
616,2020-01-11 9:00,-0.8,0,0.1,0,,,92.2,,
616,2020-01-11 10:00,0.8,0,0.1,0,,,86.5,,
616,2020-01-11 11:00,2.8,339.3,1.2,0,,,76.8,,
616,2020-01-11 12:00,3.3,8.9,2,0,,,71.7,,
616,2020-01-11 13:00,3.9,358,2.6,0,,,71.4,,
616,2020-01-11 14:00,4.3,317.9,2.9,0,,,61.2,,
616,2020-01-11 15:00,4,316.1,3.3,0,,,49.3,,
616,2020-01-11 16:00,3.4,317.9,2.9,0,,,61.5,,
616,2020-01-11 17:00,2.2,316.1,3.1,0,,,62.7,,
616,2020-01-11 18:00,0.7,337.2,1.8,0,,,71.1,,
616,2020-01-11 19:00,-0.1,321.1,1.9,0,,,70.4,,
616,2020-01-11 20:00,-0.9,173.6,0.5,0,,,76.7,,
616,2020-01-11 21:00,-0.8,240.1,0.5,0,,,79.7,,
616,2020-01-11 22:00,-0.4,220,1.2,0,,,75.5,,
616,2020-01-11 23:00,-0.9,235.8,0.6,0,,,81.4,,
616,2020-01-12 0:00,-0.8,0,0.4,0,,,81.3,,
616,2020-01-12 1:00,-0.2,314.4,0.6,0,,,75.3,,
616,2020-01-12 2:00,-0.4,223.7,0.9,0,,,78.1,,
616,2020-01-12 3:00,-0.7,299.9,0.5,0,,,77.6,,
616,2020-01-12 4:00,-0.9,221.6,0.7,0,,,74.8,,
616,2020-01-12 5:00,-2.6,225.4,1,0,,,83.8,,
616,2020-01-12 6:00,-2.5,298,0.5,0,,,82.2,,
616,2020-01-12 7:00,-1.3,0,0.3,0,,,76.8,,
616,2020-01-12 8:00,-0.9,344.1,0.9,0,,,75.5,,
616,2020-01-12 9:00,-0.1,315.4,1.3,0,,,71,,
616,2020-01-12 10:00,0.6,317.4,2.7,0,,,67.6,,
616,2020-01-12 11:00,1.3,314.2,3.4,0,,,66,,
616,2020-01-12 12:00,2.3,316.6,3.3,0,,,62,,
616,2020-01-12 13:00,2.4,324,4.2,0,,,60.9,,
616,2020-01-12 14:00,2.9,319.5,4.2,0,,,56.8,,
616,2020-01-12 15:00,2.9,246.7,3.2,0,,,59.2,,
616,2020-01-12 16:00,2.5,309.1,2.9,0,,,59.7,,
616,2020-01-12 17:00,1.4,265.1,2.4,0,,,62.7,,
616,2020-01-12 18:00,0.8,227.6,1.6,0,,,67.1,,
616,2020-01-12 19:00,0.4,243.3,1.2,0,,,68.3,,
616,2020-01-12 20:00,0.5,244.6,1.7,0,,,66.4,,
616,2020-01-12 21:00,0.6,262.6,1.5,0,,,62.7,,
616,2020-01-12 22:00,0.9,299,1.9,0,,,59.1,,
616,2020-01-12 23:00,0.8,323.1,1.8,0,,,67.1,,
616,2020-01-13 0:00,0.5,345.3,1.3,0,,,71.8,,
616,2020-01-13 1:00,0.5,313.1,0.8,0,,,66.9,,
616,2020-01-13 2:00,0.3,323.6,1.8,0,,,70.7,,
616,2020-01-13 3:00,0.2,318,0.9,0,,,70.9,,
616,2020-01-13 4:00,0,336.2,0.5,0,,,73.4,,
616,2020-01-13 5:00,-0.3,0,0.2,0,,,75.7,,
616,2020-01-13 6:00,-0.5,0,0.1,0,,,80.4,,
616,2020-01-13 7:00,-1,0,0.4,0,,,86.3,,
616,2020-01-13 8:00,-1,234.9,1,0,,,80.4,,
616,2020-01-13 9:00,0,311.7,2.8,0,,,62.4,,
616,2020-01-13 10:00,-0.4,320.7,4.4,0,,,66.5,,
616,2020-01-13 11:00,0.1,316.5,3.9,0,,,57,,
616,2020-01-13 12:00,-0.1,321.4,5.1,0,,,57.5,,
616,2020-01-13 13:00,-0.6,317.3,4.7,0,,,61.2,,
616,2020-01-13 14:00,0.5,330,3.6,0,,,49.5,,
616,2020-01-13 15:00,0.3,313.7,3.8,0,,,44.4,,
616,2020-01-13 16:00,0.2,335.7,3,0,,,51,,
616,2020-01-13 17:00,-0.7,337,1.6,0,,,54.2,,
616,2020-01-13 18:00,-1.8,331.1,1.3,0,,,61.8,,
616,2020-01-13 19:00,-3.1,244.5,0.5,0,,,66.8,,
616,2020-01-13 20:00,-3.3,0,0.4,0,,,67.4,,
616,2020-01-13 21:00,-3.6,195.1,1.2,0,,,70.6,,
616,2020-01-13 22:00,-3.8,144.6,1.1,0,,,72.9,,
616,2020-01-13 23:00,-3.2,194.9,1,0,,,70.6,,
616,2020-01-14 0:00,-3.9,0,0.2,0,,,74.9,,
616,2020-01-14 1:00,-4,144.2,0.5,0,,,78.4,,
616,2020-01-14 2:00,-4,161.9,0.8,0,,,78,,
616,2020-01-14 3:00,-3.9,0,0.2,0,,,76.9,,
616,2020-01-14 4:00,-3.9,0,0,0,,,77.2,,
616,2020-01-14 5:00,-4.5,0,0.4,0,,,80.5,,
616,2020-01-14 6:00,-4.2,0,0.1,0,,,79.9,,
616,2020-01-14 7:00,-3.7,0,0.2,0,,,75.5,,
616,2020-01-14 8:00,-3.2,0,0.4,0,,,74,,
616,2020-01-14 9:00,-2.5,280,0.5,0,,,72.1,,
616,2020-01-14 10:00,-1.2,0,0.1,0,,,63.8,,
616,2020-01-14 11:00,0.2,284.8,0.6,0,,,62.1,,
616,2020-01-14 12:00,1.4,356.8,0.9,0,,,53.5,,
616,2020-01-14 13:00,2.1,345.7,2.2,0,,,50,,
616,2020-01-14 14:00,1.8,15.3,1.9,0,,,54.4,,
616,2020-01-14 15:00,2.1,350.2,2.2,0,,,53.8,,
616,2020-01-14 16:00,2,320.2,2.2,0,,,58.9,,
616,2020-01-14 17:00,0.4,344.1,1.5,0,,,71.2,,
616,2020-01-14 18:00,-0.6,329.3,1.7,0,,,70.3,,
616,2020-01-14 19:00,-2.2,0,0.1,0,,,72.5,,
616,2020-01-14 20:00,-2.8,58,0.5,0,,,71.9,,
616,2020-01-14 21:00,-3.3,0,0.2,0,,,77.3,,
616,2020-01-14 22:00,-1.9,235.4,0.5,0,,,70.7,,
616,2020-01-14 23:00,-1.6,197.9,1.8,0,,,68.7,,
616,2020-01-15 0:00,-1.4,210.5,1.4,0,,,68.1,,
616,2020-01-15 1:00,-2.3,285.9,1,0,,,73.9,,
616,2020-01-15 2:00,-2.2,0,0.2,0,,,76.7,,
616,2020-01-15 3:00,-2.2,0,0,0,,,71.5,,
616,2020-01-15 4:00,-3.3,224.2,0.6,0,,,79.4,,
616,2020-01-15 5:00,-4,0,0.4,0,,,78.9,,
616,2020-01-15 6:00,-4.4,0,0.2,0,,,79.3,,
616,2020-01-15 7:00,-4.5,0,0.3,0,,,84.5,,
616,2020-01-15 8:00,-4.9,212.8,0.6,0,,,85.3,,
616,2020-01-15 9:00,-2.5,273.8,0.5,0,,,72.8,,
616,2020-01-15 10:00,-0.8,357.5,1.7,0,,,66.6,,
616,2020-01-15 11:00,0.5,343.8,2.8,0,,,57.2,,
616,2020-01-15 12:00,0.7,355.4,3.1,0,,,58.3,,
616,2020-01-15 13:00,1.5,342.3,2.5,0,,,56.3,,
616,2020-01-15 14:00,2.3,294.5,2.3,0,,,52.2,,
616,2020-01-15 15:00,2.3,315,2.5,0,,,51.8,,
616,2020-01-15 16:00,1.8,2.4,3.4,0,,,53.8,,
616,2020-01-15 17:00,0.7,312.5,1.9,0,,,57.6,,
616,2020-01-15 18:00,-1.3,332.3,1.1,0,,,67.8,,
616,2020-01-15 19:00,-2.1,292.1,0.5,0,,,72.1,,
616,2020-01-15 20:00,-2.8,203.2,0.5,0,,,78,,
616,2020-01-15 21:00,-3.5,0,0.2,0,,,79.3,,
616,2020-01-15 22:00,-3.2,0,0.4,0,,,77.2,,
616,2020-01-15 23:00,-3.6,188.3,0.7,0,,,80.2,,
616,2020-01-16 0:00,-4.5,0,0.3,0,,,84.6,,
616,2020-01-16 1:00,-4.8,0,0.3,0,,,87.9,,
616,2020-01-16 2:00,-4.9,0,0.2,0,,,86.6,,
616,2020-01-16 3:00,-5.2,0,0.4,0,,,87.7,,
616,2020-01-16 4:00,-5.2,0,0.2,0,,,89,,
616,2020-01-16 5:00,-5.1,142.4,0.7,0,,,88.9,,
616,2020-01-16 6:00,-4.9,0,0,0,,,89.1,,
616,2020-01-16 7:00,-5.3,0,0.1,0,,,90.5,,
616,2020-01-16 8:00,-4.8,0,0.3,0,,,89.4,,
616,2020-01-16 9:00,-3.6,0,0.1,0,,,86.8,,
616,2020-01-16 10:00,-1.5,69.2,1,0,,,65.5,,
616,2020-01-16 11:00,0,15.1,1.7,0,,,57,,
616,2020-01-16 12:00,1.2,331.9,2.2,0,,,42.6,,
616,2020-01-16 13:00,0.9,348.6,3.4,0,,,42,,
616,2020-01-16 14:00,2.3,344.5,2.4,0,,,39,,
616,2020-01-16 15:00,1.7,351.2,2.3,0,,,32.8,,
616,2020-01-16 16:00,1.8,316.8,2.4,0,,,37.3,,
616,2020-01-16 17:00,0.9,317.5,2.9,0,,,47.7,,
616,2020-01-16 18:00,0,325.8,1.3,0,,,54,,
616,2020-01-16 19:00,-0.9,0,0.4,0,,,56,,
616,2020-01-16 20:00,-0.6,333.2,1.6,0,,,50.7,,
616,2020-01-16 21:00,-1.9,237.5,0.7,0,,,61.7,,
616,2020-01-16 22:00,-1.4,277.2,0.8,0,,,57.8,,
616,2020-01-16 23:00,-2.1,228.8,0.7,0,,,65,,
616,2020-01-17 0:00,-2.6,164.2,0.5,0,,,66.9,,
616,2020-01-17 1:00,-3.2,197.1,0.6,0,,,71.2,,
616,2020-01-17 2:00,-3.1,194.4,0.5,0,,,70.2,,
616,2020-01-17 3:00,-3.7,137.2,0.8,0,,,73.6,,
616,2020-01-17 4:00,-4.1,315.9,0.5,0,,,78.2,,
616,2020-01-17 5:00,-4,0,0.3,0,,,78.3,,
616,2020-01-17 6:00,-4.7,187.6,0.8,0,,,82.5,,
616,2020-01-17 7:00,-5.2,132.3,0.6,0,,,84.6,,
616,2020-01-17 8:00,-5.1,0,0.2,0,,,86.4,,
616,2020-01-17 9:00,-3.9,0,0,0,,,83.3,,
616,2020-01-17 10:00,-1.9,0,0.2,0,,,74.1,,
616,2020-01-17 11:00,-0.1,358.6,0.5,0,,,63.3,,
616,2020-01-17 12:00,1.1,286.2,1.2,0,,,49.9,,
616,2020-01-17 13:00,1.8,8.2,1.7,0,,,41.9,,
616,2020-01-17 14:00,3.3,355.4,2.1,0,,,42.3,,
616,2020-01-17 15:00,3.2,321.1,2.4,0,,,40.1,,
616,2020-01-17 16:00,2.6,317.2,3.2,0,,,50.8,,
616,2020-01-17 17:00,1.5,335.3,2.4,0,,,53.5,,
616,2020-01-17 18:00,0.4,323.9,1.7,0,,,57,,
616,2020-01-17 19:00,-1.5,233.7,0.7,0,,,65.1,,
616,2020-01-17 20:00,-2,223.1,0.9,0,,,68.2,,
616,2020-01-17 21:00,-2.4,199,0.6,0,,,67.9,,
616,2020-01-17 22:00,-2.2,208.9,0.7,0,,,68.3,,
616,2020-01-17 23:00,-2.9,181,1,0,,,70,,
616,2020-01-18 0:00,-2.9,200.7,1.1,0,,,73.3,,
616,2020-01-18 1:00,-2.4,200.4,0.5,0,,,73.1,,
616,2020-01-18 2:00,-2.6,217.3,0.9,0,,,74.2,,
616,2020-01-18 3:00,-2.6,0,0.3,0,,,72.2,,
616,2020-01-18 4:00,-2.8,243.6,0.7,0,,,75.2,,
616,2020-01-18 5:00,-2.9,237.8,0.8,0,,,78.4,,
616,2020-01-18 6:00,-3.1,230,0.5,0,,,78.7,,
616,2020-01-18 7:00,-4.4,0,0.1,0,,,81.8,,
616,2020-01-18 8:00,-4.7,0,0.3,0,,,84.3,,
616,2020-01-18 9:00,-3.2,0,0.1,0,,,82,,
616,2020-01-18 10:00,1,0,0.4,0,,,55.7,,
616,2020-01-18 11:00,3,304.6,2,0,,,45.6,,
616,2020-01-18 12:00,3.6,321.8,4.1,0,,,33.1,,
616,2020-01-18 13:00,4.7,313.3,3,0,,,27,,
616,2020-01-18 14:00,5.4,323,2.7,0,,,25.1,,
616,2020-01-18 15:00,4.7,330.7,3.1,0,,,37,,
616,2020-01-18 16:00,4.3,315.4,2.1,0,,,40.1,,
616,2020-01-18 17:00,3.5,309.6,1.6,0,,,38.8,,
616,2020-01-18 18:00,1.4,155.9,0.7,0,,,35.6,,
616,2020-01-18 19:00,-0.7,182,0.6,0,,,54.7,,
616,2020-01-18 20:00,0,203.2,2.6,0,,,59.3,,
616,2020-01-18 21:00,-0.2,197.2,2.4,0,,,65.9,,
616,2020-01-18 22:00,-1.2,200.1,1.5,0,,,74.5,,
616,2020-01-18 23:00,-0.3,204.8,2.2,0,,,73.2,,
616,2020-01-19 0:00,-0.6,201.3,1.5,0,,,76.6,,
616,2020-01-19 1:00,-0.2,200.5,1.6,0,,,74.5,,
616,2020-01-19 2:00,0.1,196.1,2.4,0,,,72.7,,
616,2020-01-19 3:00,-0.3,191.2,2.3,0,,,76.3,,
616,2020-01-19 4:00,-0.2,186.3,1.9,0,,,76.2,,
616,2020-01-19 5:00,0.2,188.5,1.9,0,,,74.7,,
616,2020-01-19 6:00,0.6,188.3,1.6,0,,,74.5,,
616,2020-01-19 7:00,1,186.1,1.8,0,,,73.7,,
616,2020-01-19 8:00,0.5,174.7,1.2,0,,,76.5,,
616,2020-01-19 9:00,1.3,179.8,1.4,0,,,75.7,,
616,2020-01-19 10:00,4.4,232.3,1.6,0,,,63.3,,
616,2020-01-19 11:00,5.3,227.8,2.2,0,,,59.7,,
616,2020-01-19 12:00,5.5,290.6,3.2,0,,,62.2,,
616,2020-01-19 13:00,5.9,259,3.1,0,,,58.1,,
616,2020-01-19 14:00,6.8,243,3.4,0,,,55.4,,
616,2020-01-19 15:00,5.3,309.2,3.9,0,,,64.8,,
616,2020-01-19 16:00,6.1,233.6,2.8,0,,,55.3,,
616,2020-01-19 17:00,4.8,255.8,1.8,0,,,57.8,,
616,2020-01-19 18:00,4,240.8,1.4,0,,,60.4,,
616,2020-01-19 19:00,3.4,235.2,0.9,0,,,66.2,,
616,2020-01-19 20:00,2.8,303.7,1.3,0,,,65.3,,
616,2020-01-19 21:00,2.7,251.7,0.9,0,,,61,,
616,2020-01-19 22:00,0.8,127.7,0.7,0,,,68.6,,
616,2020-01-19 23:00,0.3,135.6,0.7,0,,,71.5,,
616,2020-01-20 0:00,0,190.9,0.6,0,,,75.9,,
616,2020-01-20 1:00,0.6,205.7,0.8,0,,,70.4,,
616,2020-01-20 2:00,0.9,207.4,1,0,,,69.7,,
616,2020-01-20 3:00,0.8,187,0.5,0,,,73,,
616,2020-01-20 4:00,0.6,0,0,0,,,78.3,,
616,2020-01-20 5:00,-0.5,144.6,0.6,0,,,84.3,,
616,2020-01-20 6:00,-0.3,0,0.1,0,,,86.6,,
616,2020-01-20 7:00,-1,0,0.2,0,,,93,,
616,2020-01-20 8:00,-1.5,223.4,0.6,0,,,95.4,,
616,2020-01-20 9:00,0.8,196.4,1,0,,,86.3,,
616,2020-01-20 10:00,2.7,306.2,1.3,0,,,65.6,,
616,2020-01-20 11:00,3.8,318.1,3.2,0,,,56.4,,
616,2020-01-20 12:00,5.3,317.1,2.6,0,,,41.8,,
616,2020-01-20 13:00,5.7,284.3,3.2,0,,,40.8,,
616,2020-01-20 14:00,5.4,293,3.1,0,,,46.4,,
616,2020-01-20 15:00,3.4,289.9,3,0,,,71.6,,
616,2020-01-20 16:00,2.8,224.7,2,0,,,86,,
616,2020-01-20 17:00,3.3,247.9,2.8,0,,,68.3,,
616,2020-01-20 18:00,2.4,325.5,2,0,,,55.2,,
616,2020-01-20 19:00,1.6,316.5,3.9,0,,,56.7,,
616,2020-01-20 20:00,1,323.5,5,0,,,62.2,,
616,2020-01-20 21:00,0.1,317.2,4.7,0,,,52.1,,
616,2020-01-20 22:00,-0.7,319.3,3.6,0,,,56.4,,
616,2020-01-20 23:00,-1.3,333.3,2.3,0,,,53.3,,
616,2020-01-21 0:00,-2.2,301.3,0.8,0,,,57.5,,
616,2020-01-21 1:00,-2.5,320.6,1.5,0,,,56.5,,
616,2020-01-21 2:00,-3.6,0,0.3,0,,,64.6,,
616,2020-01-21 3:00,-4.4,335.9,0.7,0,,,70,,
616,2020-01-21 4:00,-4.3,42.6,0.5,0,,,71,,
616,2020-01-21 5:00,-4.4,146.1,0.5,0,,,69.5,,
616,2020-01-21 6:00,-5.5,197.1,0.7,0,,,74.5,,
616,2020-01-21 7:00,-5.6,0,0.2,0,,,71.6,,
616,2020-01-21 8:00,-6.2,154.9,0.7,0,,,77.2,,
616,2020-01-21 9:00,-4.2,0,0.1,0,,,68.3,,
616,2020-01-21 10:00,-0.8,84.2,1.3,0,,,47.2,,
616,2020-01-21 11:00,0.3,59.5,1.5,0,,,38.4,,
616,2020-01-21 12:00,1.7,85.9,1.4,0,,,38.3,,
616,2020-01-21 13:00,2.4,49.8,2.1,0,,,36.8,,
616,2020-01-21 14:00,3.7,75.6,1.8,0,,,31.2,,
616,2020-01-21 15:00,4.1,57.2,1.9,0,,,30.7,,
616,2020-01-21 16:00,3.9,77.2,1.7,0,,,20.8,,
616,2020-01-21 17:00,3.2,16.5,1.2,0,,,28.6,,
616,2020-01-21 18:00,0.2,315.2,0.6,0,,,53.6,,
616,2020-01-21 19:00,-0.8,0,0.4,0,,,59,,
616,2020-01-21 20:00,-1.8,0,0.4,0,,,63.8,,
616,2020-01-21 21:00,-1.5,0,0,0,,,60,,
616,2020-01-21 22:00,-1.3,0,0.2,0,,,62.7,,
616,2020-01-21 23:00,-1.8,0,0.2,0,,,64.3,,
616,2020-01-22 0:00,-1.5,0,0.4,0,,,68,,
616,2020-01-22 1:00,-1.2,0,0.2,0,,,70.8,,
616,2020-01-22 2:00,-1,167.2,0.5,0,,,69.5,,
616,2020-01-22 3:00,-1,0,0.1,0,,,73.5,,
616,2020-01-22 4:00,-1,0,0.2,0,,,74.5,,
616,2020-01-22 5:00,-0.5,172.2,0.6,0,,,68.1,,
616,2020-01-22 6:00,0.1,59.1,0.5,0,,,58.6,,
616,2020-01-22 7:00,0.1,0,0.2,0,,,56.8,,
616,2020-01-22 8:00,0,0,0.3,0,,,61.8,,
616,2020-01-22 9:00,0.9,99.3,1.1,0,,,50.8,,
616,2020-01-22 10:00,0.9,107.3,0.9,0,,,63.7,,
616,2020-01-22 11:00,1.4,95.3,0.8,0,,,63.2,,
616,2020-01-22 12:00,1.6,115.1,1,0,,,69.8,,
616,2020-01-22 13:00,1.7,103.6,2.1,0,,,77.7,,
616,2020-01-22 14:00,2.3,129.3,1.3,0,,,79.9,,
616,2020-01-22 15:00,2.7,111.9,1.6,0,,,79.8,,
616,2020-01-22 16:00,2.9,101.5,1.3,0,,,80,,
616,2020-01-22 17:00,2.7,88.2,0.9,0,,,82,,
616,2020-01-22 18:00,2.3,108.7,0.8,0,,,77.6,,
616,2020-01-22 19:00,1.9,98.6,0.7,0,,,76.1,,
616,2020-01-22 20:00,1.4,115.3,0.6,0,,,79.8,,
616,2020-01-22 21:00,1.3,114.5,0.6,0,,,78.8,,
616,2020-01-22 22:00,1.4,104.6,0.7,0,,,76.1,,
616,2020-01-22 23:00,1.2,75.5,0.7,0,,,75.9,,
616,2020-01-23 0:00,0.7,0,0.2,0,,,80,,
616,2020-01-23 1:00,1.2,340.1,1,0,,,77.6,,
616,2020-01-23 2:00,1.1,335.1,0.6,0,,,81.6,,
616,2020-01-23 3:00,1.5,346.4,1.3,0,,,80.8,,
616,2020-01-23 4:00,2.3,325.7,1.6,0,,,73.5,,
616,2020-01-23 5:00,2.3,349.7,1.6,0,,,73.5,,
616,2020-01-23 6:00,-0.2,353.5,0.8,0,,,83.8,,
616,2020-01-23 7:00,0.6,280.1,0.6,0,,,82.4,,
616,2020-01-23 8:00,-1,332.6,0.9,0,,,89.8,,
616,2020-01-23 9:00,2.1,316.8,0.9,0,,,77.2,,
616,2020-01-23 10:00,3.7,351.3,3.1,0,,,69.1,,
616,2020-01-23 11:00,5.3,357.6,3.6,0,,,58.4,,
616,2020-01-23 12:00,6.4,1.2,3,0,,,58,,
616,2020-01-23 13:00,7.5,354.8,3,0,,,51.4,,
616,2020-01-23 14:00,8.3,328.6,3.2,0,,,51.6,,
616,2020-01-23 15:00,8.2,323.1,2.9,0,,,52.4,,
616,2020-01-23 16:00,7.4,316.7,2.9,0,,,56.8,,
616,2020-01-23 17:00,6,321.4,2.8,0,,,62.8,,
616,2020-01-23 18:00,4.7,324.9,1.1,0,,,68.1,,
616,2020-01-23 19:00,4.6,329.4,2.1,0,,,73.1,,
616,2020-01-23 20:00,2.9,0,0.1,0,,,81,,
616,2020-01-23 21:00,2.4,263.3,0.5,0,,,83.2,,
616,2020-01-23 22:00,2.8,269.2,0.7,0,,,82.2,,
616,2020-01-23 23:00,2.1,289.3,0.9,0,,,86.5,,
616,2020-01-24 0:00,1.9,292.5,0.8,0,,,85.7,,
616,2020-01-24 1:00,1.8,316.3,1.1,0,,,89.3,,
616,2020-01-24 2:00,1.7,308.9,0.9,0,,,91.6,,
616,2020-01-24 3:00,1.8,305,1.5,0,,,91.8,,
616,2020-01-24 4:00,0,319.4,0.9,0,,,92.7,,
616,2020-01-24 5:00,1.1,281.8,1.2,0,,,94.9,,
616,2020-01-24 6:00,1.2,338.3,2,0,,,88.8,,
616,2020-01-24 7:00,0.6,313.7,1.8,0,,,90.3,,
616,2020-01-24 8:00,-1,0,0,0,,,95.5,,
616,2020-01-24 9:00,1.4,319,1.4,0,,,85,,
616,2020-01-24 10:00,2.4,353.9,3.2,0,,,76.1,,
616,2020-01-24 11:00,3.3,356.1,2.8,0,,,68.5,,
616,2020-01-24 12:00,4.5,353.3,2.3,0,,,67.3,,
616,2020-01-24 13:00,5.1,358.9,2.4,0,,,60.3,,
616,2020-01-24 14:00,6.2,352.5,2.1,0,,,57.9,,
616,2020-01-24 15:00,5.9,316.5,2.9,0,,,59.1,,
616,2020-01-24 16:00,5.1,334,2.6,0,,,63.1,,
616,2020-01-24 17:00,3.7,316.6,2.2,0,,,67.6,,
616,2020-01-24 18:00,1.5,0,0.4,0,,,74.6,,
616,2020-01-24 19:00,0.7,269.9,0.6,0,,,78.4,,
616,2020-01-24 20:00,0.5,0,0.4,0,,,79.9,,
616,2020-01-24 21:00,0.2,0,0.3,0,,,80.4,,
616,2020-01-24 22:00,-0.4,0,0.3,0,,,83.3,,
616,2020-01-24 23:00,-1.1,0,0.1,0,,,86.3,,
616,2020-01-25 0:00,-1.2,0,0,0,,,87.4,,
616,2020-01-25 1:00,-1.7,0,0.2,0,,,89.1,,
616,2020-01-25 2:00,-1.7,0,0,0,,,90.9,,
616,2020-01-25 3:00,-2,0,0.1,0,,,91.8,,
616,2020-01-25 4:00,-1.8,0,0.3,0,,,93.2,,
616,2020-01-25 5:00,-1.8,0,0.4,0,,,94,,
616,2020-01-25 6:00,-1.7,0,0.1,0,,,94.6,,
616,2020-01-25 7:00,-1.6,0,0.1,0,,,94.4,,
616,2020-01-25 8:00,-1.4,0,0,0,,,93.3,,
616,2020-01-25 9:00,-0.3,153.9,0.7,0,,,92.4,,
616,2020-01-25 10:00,3,0,0.4,0,,,78.7,,
616,2020-01-25 11:00,4.5,41.5,1.2,0,,,73.6,,
616,2020-01-25 12:00,4.8,313.2,1,0,,,74.1,,
616,2020-01-25 13:00,5.9,357.3,1.5,0,,,72.9,,
616,2020-01-25 14:00,6.7,345.7,1.4,0,,,70.2,,
616,2020-01-25 15:00,6.5,346.1,2.6,0,,,71.8,,
616,2020-01-25 16:00,6.3,2.4,2.1,0,,,72,,
616,2020-01-25 17:00,5.8,344.7,0.8,0,,,75.7,,
616,2020-01-25 18:00,4.4,329.1,1.5,0,,,80.7,,
616,2020-01-25 19:00,2.8,315.3,0.6,0,,,87.5,,
616,2020-01-25 20:00,2.2,0,0.2,0,,,91.6,,
616,2020-01-25 21:00,1.6,0,0.3,0,,,93.2,,
616,2020-01-25 22:00,1.5,0,0.3,0,,,94.2,,
616,2020-01-25 23:00,1.1,0,0.1,0,,,94.1,,
616,2020-01-26 0:00,1,0,0.4,0,,,90.4,,
616,2020-01-26 1:00,0.5,0,0.2,0,,,91.2,,
616,2020-01-26 2:00,-0.2,0,0,0,,,92.6,,
616,2020-01-26 3:00,-0.3,0,0,0,,,94.3,,
616,2020-01-26 4:00,-0.5,0,0,0,,,95.7,,
616,2020-01-26 5:00,-1.3,0,0,0,,,96.8,,
616,2020-01-26 6:00,-1.1,0,0.4,0,,,95.5,,
616,2020-01-26 7:00,-1.3,0,0.4,0,,,97.1,,
616,2020-01-26 8:00,-1.7,0,0,0,,,98.2,,
616,2020-01-26 9:00,-0.3,0,0.4,0,,,97,,
616,2020-01-26 10:00,1.9,9.5,1.5,0,,,85.7,,
616,2020-01-26 11:00,4.6,63.5,1.2,0,,,77,,
616,2020-01-26 12:00,7.3,71.9,2,0,,,66,,
616,2020-01-26 13:00,8.5,79.6,3,0,,,61,,
616,2020-01-26 14:00,10.2,71.5,2.8,0,,,54,,
616,2020-01-26 15:00,10,78.6,2.7,0,,,50.8,,
616,2020-01-26 16:00,10.1,51.6,2.2,0,,,53,,
616,2020-01-26 17:00,9.9,75.5,1.5,0,,,49.2,,
616,2020-01-26 18:00,8.1,11.1,0.9,0,,,57.3,,
616,2020-01-26 19:00,7.9,36.5,0.7,0,,,56.2,,
616,2020-01-26 20:00,8.8,76.2,3.1,0,,,47.4,,
616,2020-01-26 21:00,8.4,66.4,2.8,0,,,47.5,,
616,2020-01-26 22:00,7.6,85.6,3.2,0,,,50.9,,
616,2020-01-26 23:00,6.8,93.7,2.8,0,,,55,,
616,2020-01-27 0:00,6.5,72,3.4,0,,,55.6,,
616,2020-01-27 1:00,6.4,66.3,3.3,0,,,54.7,,
616,2020-01-27 2:00,6.3,69,3.7,0,,,54.5,,
616,2020-01-27 3:00,6.1,76.8,3.4,0,,,53.9,,
616,2020-01-27 4:00,5.9,64.8,3.5,0,,,53.4,,
616,2020-01-27 5:00,5.6,56.9,1.9,0,,,54.5,,
616,2020-01-27 6:00,5.5,55.5,1.1,0,,,54.3,,
616,2020-01-27 7:00,5.5,37,1.6,0,,,54.2,,
616,2020-01-27 8:00,5.5,23.1,1.6,0,,,53.7,,
616,2020-01-27 9:00,5.8,31.4,1.9,0,,,53,,
616,2020-01-27 10:00,6.4,52.5,2.2,0,,,51.5,,
616,2020-01-27 11:00,6.5,51.7,1.9,0,,,49.9,,
616,2020-01-27 12:00,6.8,24.8,3.1,0,,,47,,
616,2020-01-27 13:00,7.3,37.2,2.4,0,,,48.3,,
616,2020-01-27 14:00,7,60.4,2.7,0,,,53.1,,
616,2020-01-27 15:00,6,74.4,3.7,0,,,61.2,,
616,2020-01-27 16:00,6.6,59.2,2.7,0,,,56.3,,
616,2020-01-27 17:00,5.7,22.8,2.8,0,,,65.5,,
616,2020-01-27 18:00,4.4,24.7,2,0,,,82.3,,
616,2020-01-27 19:00,4.4,22.3,2.3,0,,,83,,
616,2020-01-27 20:00,3.4,26.6,2.5,0,,,90.6,,
616,2020-01-27 21:00,3.4,22,3,0,,,89.1,,
616,2020-01-27 22:00,3.3,19.9,2.6,0.5,,,93.1,,
616,2020-01-27 23:00,3.4,358.9,2.2,0,,,93.8,,
616,2020-01-28 0:00,3.5,356.8,2.3,0,,,92.1,,
616,2020-01-28 1:00,3.3,16.2,3.8,0,,,91.7,,
616,2020-01-28 2:00,3.5,12.9,3.3,0,,,89.4,,
616,2020-01-28 3:00,3.9,17.8,3.3,0,,,84.1,,
616,2020-01-28 4:00,3.9,16.7,2.9,0,,,84.6,,
616,2020-01-28 5:00,4,7.1,2,0,,,83.3,,
616,2020-01-28 6:00,3.7,337.6,1.2,0,,,86.3,,
616,2020-01-28 7:00,3.8,335.3,0.9,0,,,86.2,,
616,2020-01-28 8:00,3.6,0,0.2,0,,,88.4,,
616,2020-01-28 9:00,4.6,345.1,0.9,0,,,82.2,,
616,2020-01-28 10:00,5.6,3.2,1.5,0,,,76.3,,
616,2020-01-28 11:00,6.6,355.9,2.3,0,,,70.3,,
616,2020-01-28 12:00,7.5,342.7,1.9,0,,,68.2,,
616,2020-01-28 13:00,8.7,28.7,2.1,0,,,59.8,,
616,2020-01-28 14:00,9,353.1,2.7,0,,,60.6,,
616,2020-01-28 15:00,10.2,15.5,1.6,0,,,54.5,,
616,2020-01-28 16:00,10.1,35.2,2.1,0,,,49.9,,
616,2020-01-28 17:00,9.2,11.4,2,0,,,51.8,,
616,2020-01-28 18:00,7.6,334.4,1.4,0,,,59.4,,
616,2020-01-28 19:00,6.8,346.7,1.2,0,,,64.7,,
616,2020-01-28 20:00,5.2,0,0.3,0,,,74,,
616,2020-01-28 21:00,5.2,0,0.2,0,,,74.9,,
616,2020-01-28 22:00,5.5,0,0.2,0,,,73.7,,
616,2020-01-28 23:00,5.6,0,0.2,0,,,71.9,,
616,2020-01-29 0:00,4.8,0,0.1,0,,,76.5,,
616,2020-01-29 1:00,4.3,0,0.1,0,,,74.8,,
616,2020-01-29 2:00,4.1,0,0.2,0,,,75.6,,
616,2020-01-29 3:00,3.4,0,0.1,0,,,77,,
616,2020-01-29 4:00,3.1,0,0,0,,,77.8,,
616,2020-01-29 5:00,3.5,0,0.4,0,,,73.5,,
616,2020-01-29 6:00,2.8,0,0.2,0,,,75.7,,
616,2020-01-29 7:00,2.6,0,0,0,,,78.7,,
616,2020-01-29 8:00,2.4,0,0.1,0,,,82.4,,
616,2020-01-29 9:00,3.8,0,0.1,0,,,72.7,,
616,2020-01-29 10:00,5.8,77,0.7,0,,,63.8,,
616,2020-01-29 11:00,7.7,52.4,1.2,0,,,59.8,,
616,2020-01-29 12:00,8.9,354.8,2.6,0,,,60.2,,
616,2020-01-29 13:00,9,353.4,2.8,0,,,55.2,,
616,2020-01-29 14:00,9.3,357.2,2.8,0,,,49.3,,
616,2020-01-29 15:00,9.9,325.2,2.4,0,,,43.5,,
616,2020-01-29 16:00,8.6,319.3,2.7,0,,,52.8,,
616,2020-01-29 17:00,7.2,351.3,2.5,0,,,58.4,,
616,2020-01-29 18:00,6.1,319.4,2,0,,,64.7,,
616,2020-01-29 19:00,5.1,312.7,1.2,0,,,69.5,,
616,2020-01-29 20:00,4.1,0,0.4,0,,,71.3,,
616,2020-01-29 21:00,4.6,311.6,1.6,0,,,73.7,,
616,2020-01-29 22:00,3.3,0,0.2,0,,,81.2,,
616,2020-01-29 23:00,3.2,0,0.3,0,,,82,,
616,2020-01-30 0:00,2.9,222.9,0.7,0,,,87.9,,
616,2020-01-30 1:00,2.4,0,0.4,0,,,90.9,,
616,2020-01-30 2:00,2.5,0,0.3,0,,,91.1,,
616,2020-01-30 3:00,1.5,0,0,0,,,94.8,,
616,2020-01-30 4:00,0.8,0,0.2,0,,,97.7,,
616,2020-01-30 5:00,0.3,0,0,0,,,98,,
616,2020-01-30 6:00,0.6,0,0.3,0,,,98.7,,
616,2020-01-30 7:00,0.7,0,0.2,0,,,98.9,,
616,2020-01-30 8:00,0.5,0,0,0,,,98.8,,
616,2020-01-30 9:00,2.2,0,0.2,0,,,97.7,,
616,2020-01-30 10:00,5.5,87.9,0.9,0,,,66.5,,
616,2020-01-30 11:00,7.4,29.9,0.8,0,,,52.5,,
616,2020-01-30 12:00,8.6,340.7,1.7,0,,,50.6,,
616,2020-01-30 13:00,8.6,331.7,2.6,0,,,41.1,,
616,2020-01-30 14:00,8.3,355.7,2.9,0,,,39.9,,
616,2020-01-30 15:00,8.9,26.5,2,0,,,39.1,,
616,2020-01-30 16:00,7.6,319.9,2.3,0,,,45.9,,
616,2020-01-30 17:00,6.8,314.4,3.3,0,,,54.4,,
616,2020-01-30 18:00,5.2,329.6,2,0,,,61.3,,
616,2020-01-30 19:00,3,343.1,0.7,0,,,69.3,,
616,2020-01-30 20:00,3.3,205.2,1.2,0,,,71.9,,
616,2020-01-30 21:00,1.8,227.5,1.2,0,,,82.4,,
616,2020-01-30 22:00,2.3,208.9,1.2,0,,,82.2,,
616,2020-01-30 23:00,2.2,200.2,1.1,0,,,85,,
616,2020-01-31 0:00,1.7,191.8,2,0,,,85.6,,
616,2020-01-31 1:00,1.9,191.3,2.2,0,,,86.2,,
616,2020-01-31 2:00,1.7,195,2,0,,,89.1,,
616,2020-01-31 3:00,2,204.6,2.8,0,,,88.9,,
616,2020-01-31 4:00,1.8,196.3,2.2,0,,,89.6,,
616,2020-01-31 5:00,1.4,201.3,1.7,0,,,91.8,,
616,2020-01-31 6:00,1.2,188.3,1.1,0,,,90.7,,
616,2020-01-31 7:00,0.8,220.2,1.1,0,,,90,,
616,2020-01-31 8:00,0.5,222.7,1.3,0,,,90.4,,
616,2020-01-31 9:00,2.1,217.3,2,0,,,82.7,,
616,2020-01-31 10:00,3.5,234.6,2,0,,,76,,
616,2020-01-31 11:00,4.4,246.4,2.8,0,,,65.4,,
616,2020-01-31 12:00,6,221.2,3.1,0,,,59.5,,
616,2020-01-31 13:00,5.8,294.9,1.6,0,,,57.6,,
616,2020-01-31 14:00,5.2,291.1,1.7,0,,,59.1,,
616,2020-01-31 15:00,5.1,278.9,1.6,0,,,61.1,,
616,2020-01-31 16:00,6.1,243.5,2.4,0,,,52.5,,
616,2020-01-31 17:00,4.8,240.2,2,0,,,55.9,,
616,2020-01-31 18:00,2.9,251.6,1.3,0,,,64.6,,
616,2020-01-31 19:00,1.8,218.8,1.2,0,,,68.1,,
616,2020-01-31 20:00,1.1,207.2,1.5,0,,,70.6,,
616,2020-01-31 21:00,-0.1,188.5,1.7,0,,,77.8,,
616,2020-01-31 22:00,-0.5,188.6,1.9,0,,,79.8,,
616,2020-01-31 23:00,-0.2,188.7,2,0,,,78.8,,
616,2020-02-01 0:00,-0.2,191.1,1.9,0,,,79.5,,
616,2020-02-01 1:00,-0.2,198.9,2.2,0,,,80.8,,
616,2020-02-01 2:00,-0.4,197.7,2.6,0,,,82.1,,
616,2020-02-01 3:00,-1.3,213.8,1.4,0,,,87.2,,
616,2020-02-01 4:00,-1.1,212.6,2,0,,,88.1,,
616,2020-02-01 5:00,-0.8,206.4,2.5,0,,,86,,
616,2020-02-01 6:00,-0.4,191.9,2.1,0,,,86.8,,
616,2020-02-01 7:00,0.5,187.9,2.4,0,,,82.6,,
616,2020-02-01 8:00,1.1,186.5,2.2,0,,,80.7,,
616,2020-02-01 9:00,1.8,193.5,1.6,0,,,79.9,,
616,2020-02-01 10:00,2.6,190.5,1.1,0,,,79.2,,
616,2020-02-01 11:00,4.2,194.9,2.2,0,,,75,,
616,2020-02-01 12:00,5.6,194.5,2.1,0,,,72.1,,
616,2020-02-01 13:00,7.1,215,1.8,0,,,65.3,,
616,2020-02-01 14:00,7.1,240.2,1.9,0,,,67,,
616,2020-02-01 15:00,8.4,253.2,2.2,0,,,54.6,,
616,2020-02-01 16:00,7.6,234.2,2.4,0,,,54.2,,
616,2020-02-01 17:00,6,295,1.9,0,,,65,,
616,2020-02-01 18:00,4.7,245.6,1.8,0,,,78.6,,
616,2020-02-01 19:00,3.7,226.3,2.5,0,,,79.7,,
616,2020-02-01 20:00,2.3,196.4,1.2,0,,,84.9,,
616,2020-02-01 21:00,1.2,186.7,1,0,,,85.6,,
616,2020-02-01 22:00,0.5,202.2,0.6,0,,,85,,
616,2020-02-01 23:00,0,206.2,0.6,0,,,85.6,,
616,2020-02-02 0:00,-1,195.1,0.5,0,,,85.8,,
616,2020-02-02 1:00,-1,241,0.5,0,,,82.9,,
616,2020-02-02 2:00,-1.1,213.6,1.5,0,,,84.3,,
616,2020-02-02 3:00,-0.9,214.9,1.9,0,,,82.7,,
616,2020-02-02 4:00,-1.9,227.3,0.9,0,,,87.4,,
616,2020-02-02 5:00,-2.1,216.3,1.2,0,,,88,,
616,2020-02-02 6:00,-2.3,218.3,1,0,,,89.5,,
616,2020-02-02 7:00,-2.8,189.7,0.8,0,,,89.6,,
616,2020-02-02 8:00,-2.9,193.5,1,0,,,92.9,,
616,2020-02-02 9:00,-0.7,188.3,0.8,0,,,84.2,,
616,2020-02-02 10:00,1.8,196.4,0.9,0,,,72.2,,
616,2020-02-02 11:00,4,321.6,1.1,0,,,57.5,,
616,2020-02-02 12:00,4.6,319.6,2.1,0,,,49.8,,
616,2020-02-02 13:00,6,268.7,1.4,0,,,38.3,,
616,2020-02-02 14:00,5.5,307.1,2.2,0,,,42.2,,
616,2020-02-02 15:00,6.3,297.5,1.6,0,,,41,,
616,2020-02-02 16:00,6.1,308.3,1.9,0,,,47.9,,
616,2020-02-02 17:00,4.2,279.8,1.4,0,,,53.2,,
616,2020-02-02 18:00,2.6,0,0.4,0,,,55.1,,
616,2020-02-02 19:00,0.8,0,0.3,0,,,64.8,,
616,2020-02-02 20:00,-0.1,0,0.1,0,,,69.5,,
616,2020-02-02 21:00,-0.6,211.9,0.7,0,,,71.3,,
616,2020-02-02 22:00,0.4,198.7,2,0,,,67.6,,
616,2020-02-02 23:00,0.5,187,1.6,0,,,69.5,,
616,2020-02-03 0:00,0.8,183,1.5,0,,,70.4,,
616,2020-02-03 1:00,1.2,0,0.4,0,,,71.3,,
616,2020-02-03 2:00,1.6,344.4,0.6,0,,,69.3,,
616,2020-02-03 3:00,1.2,315.9,2,0,,,79,,
616,2020-02-03 4:00,1.3,317.5,2.8,0,,,76.2,,
616,2020-02-03 5:00,0.8,321.2,3.5,0,,,72.5,,
616,2020-02-03 6:00,0.5,323.6,2.7,0,,,65.5,,
616,2020-02-03 7:00,-0.9,331.3,1.7,0,,,69,,
616,2020-02-03 8:00,-1.9,314.1,0.8,0,,,73.4,,
616,2020-02-03 9:00,0,9.4,1.3,0,,,61.4,,
616,2020-02-03 10:00,1.6,6.5,1.8,0,,,61.3,,
616,2020-02-03 11:00,1.8,348.5,2.9,0,,,58.3,,
616,2020-02-03 12:00,2.3,323,3.3,0,,,53.5,,
616,2020-02-03 13:00,3,322,4.8,0,,,47,,
616,2020-02-03 14:00,3,317.4,4.1,0,,,43.3,,
616,2020-02-03 15:00,2.4,322.8,4.2,0,,,40.3,,
616,2020-02-03 16:00,1.6,316.9,3.7,0,,,48.3,,
616,2020-02-03 17:00,0.8,317.3,4,0,,,49.3,,
616,2020-02-03 18:00,-0.3,291.6,0.9,0,,,52.1,,
616,2020-02-03 19:00,-1.4,223.1,1.2,0,,,58.3,,
616,2020-02-03 20:00,-2.5,192,1.2,0,,,62.8,,
616,2020-02-03 21:00,-2.7,190,1.5,0,,,65.9,,
616,2020-02-03 22:00,-3.1,188,1.6,0,,,67.8,,
616,2020-02-03 23:00,-3.8,212.7,0.9,0,,,73.1,,
616,2020-02-04 0:00,-3.7,204.4,0.9,0,,,70.2,,
616,2020-02-04 1:00,-4.2,240.2,0.7,0,,,72.7,,
616,2020-02-04 2:00,-3.9,220,1.4,0,,,71.4,,
616,2020-02-04 3:00,-5.5,0,0.4,0,,,77.6,,
616,2020-02-04 4:00,-6.3,150,0.8,0,,,82.7,,
616,2020-02-04 5:00,-6.3,0,0.2,0,,,82.1,,
616,2020-02-04 6:00,-6,212.2,0.5,0,,,83.7,,
616,2020-02-04 7:00,-6.7,184.8,0.6,0,,,85.2,,
616,2020-02-04 8:00,-6.4,0,0.1,0,,,85,,
616,2020-02-04 9:00,-3.9,0,0.2,0,,,74.4,,
616,2020-02-04 10:00,-0.2,146.3,1.7,0,,,56.3,,
616,2020-02-04 11:00,1.8,163.4,1.4,0,,,50.6,,
616,2020-02-04 12:00,3.6,175.9,1.8,0,,,42.7,,
616,2020-02-04 13:00,4.6,179.6,2.3,0,,,39.3,,
616,2020-02-04 14:00,4.8,194.8,3,0,,,42.6,,
616,2020-02-04 15:00,5.4,222.6,2.6,0,,,47.6,,
616,2020-02-04 16:00,4.2,239.3,2.8,0,,,52.4,,
616,2020-02-04 17:00,3.3,203.5,1.7,0,,,59.5,,
616,2020-02-04 18:00,2.4,214.3,1.3,0,,,67.4,,
616,2020-02-04 19:00,1.4,215,1.5,0,,,85,,
616,2020-02-04 20:00,1.3,205.4,0.9,0,,,90.2,,
616,2020-02-04 21:00,0.4,320.6,4.7,0,,,86.9,,
616,2020-02-04 22:00,-1.1,317.7,3.7,0,,,83.8,,
616,2020-02-04 23:00,-1,317.8,4,0,,,73.7,,
616,2020-02-05 0:00,-2.7,319.2,5.6,0,,,63.2,,
616,2020-02-05 1:00,-3.9,321,5.9,0,,,61,,
616,2020-02-05 2:00,-4.9,321.6,4.4,0,,,55.5,,
616,2020-02-05 3:00,-5.7,322.5,3.8,0,,,61.6,,
616,2020-02-05 4:00,-6,319,4.4,0,,,57.4,,
616,2020-02-05 5:00,-6.7,327.1,3.4,0,,,61.5,,
616,2020-02-05 6:00,-7.3,319.2,4.1,0,,,57.2,,
616,2020-02-05 7:00,-7.5,346.4,3,0,,,58.2,,
616,2020-02-05 8:00,-7.8,318.6,2.1,0,,,58.5,,
616,2020-02-05 9:00,-6.9,354.6,3.4,0,,,52.3,,
616,2020-02-05 10:00,-6.4,320.3,4.7,0,,,52.4,,
616,2020-02-05 11:00,-5.8,334.6,4.6,0,,,48.6,,
616,2020-02-05 12:00,-5.9,346.2,5,0,,,47.2,,
616,2020-02-05 13:00,-5.5,309,4.1,0,,,45.9,,
616,2020-02-05 14:00,-5.1,320.2,4.2,0,,,46.6,,
616,2020-02-05 15:00,-5,324,4.9,0,,,40.7,,
616,2020-02-05 16:00,-5.2,323,4.9,0,,,43,,
616,2020-02-05 17:00,-5.5,318.6,4.7,0,,,45.3,,
616,2020-02-05 18:00,-6.1,319.3,3.7,0,,,50.1,,
616,2020-02-05 19:00,-6.2,323.6,3,0,,,52.3,,
616,2020-02-05 20:00,-6.1,324,3,0,,,53.9,,
616,2020-02-05 21:00,-6.1,316.6,3,0,,,53.7,,
616,2020-02-05 22:00,-6.5,318.7,2.9,0,,,55.5,,
616,2020-02-05 23:00,-7.3,325.5,2.5,0,,,63.9,,
616,2020-02-06 0:00,-7.9,326.9,2.6,0,,,64.3,,
616,2020-02-06 1:00,-8.6,328.5,1.7,0,,,66.1,,
616,2020-02-06 2:00,-8.7,339.2,1.6,0,,,64.4,,
616,2020-02-06 3:00,-9.4,0,0.2,0,,,65.3,,
616,2020-02-06 4:00,-9.9,0,0.2,0,,,69.9,,
616,2020-02-06 5:00,-10,0,0.4,0,,,65.7,,
616,2020-02-06 6:00,-11,137.2,0.7,0,,,68,,
616,2020-02-06 7:00,-11.4,144.9,0.7,0,,,66.1,,
616,2020-02-06 8:00,-10.6,87.3,0.6,0,,,57.5,,
616,2020-02-06 9:00,-9,151,0.5,0,,,49,,
616,2020-02-06 10:00,-7,0.5,0.7,0,,,43.1,,
616,2020-02-06 11:00,-5.3,354.2,1.3,0,,,38.4,,
616,2020-02-06 12:00,-3.8,359.7,2,0,,,35.8,,
616,2020-02-06 13:00,-3.1,356.8,2,0,,,38.8,,
616,2020-02-06 14:00,-1.7,356.5,1.5,0,,,36.5,,
616,2020-02-06 15:00,-1.2,4.5,2.2,0,,,33.8,,
616,2020-02-06 16:00,-2.4,358.6,2.8,0,,,34.8,,
616,2020-02-06 17:00,-3,351.2,2.4,0,,,37.2,,
616,2020-02-06 18:00,-3.9,328.6,1.4,0,,,47.3,,
616,2020-02-06 19:00,-5.3,334.8,0.9,0,,,57.6,,
616,2020-02-06 20:00,-5.9,258.6,0.7,0,,,59.8,,
616,2020-02-06 21:00,-6.3,210,0.5,0,,,59,,
616,2020-02-06 22:00,-6.9,189.8,1,0,,,64.7,,
616,2020-02-06 23:00,-7.1,208.3,0.6,0,,,64.1,,
616,2020-02-07 0:00,-8.3,171.2,0.7,0,,,70.3,,
616,2020-02-07 1:00,-8.5,163.3,0.9,0,,,71.3,,
616,2020-02-07 2:00,-8.7,208,0.6,0,,,75,,
616,2020-02-07 3:00,-7.5,0,0.1,0,,,73.9,,
616,2020-02-07 4:00,-6.6,150.1,1,0,,,71.1,,
616,2020-02-07 5:00,-6.1,183.6,0.5,0,,,68.2,,
616,2020-02-07 6:00,-5.7,167.6,0.6,0,,,67.4,,
616,2020-02-07 7:00,-5.4,168.2,0.8,0,,,67,,
616,2020-02-07 8:00,-5,142,0.5,0,,,65.9,,
616,2020-02-07 9:00,-3.6,0,0.1,0,,,64.1,,
616,2020-02-07 10:00,-2.1,0,0.3,0,,,59.5,,
616,2020-02-07 11:00,-0.5,7,2.1,0,,,58.4,,
616,2020-02-07 12:00,1,14.3,1.9,0,,,54.7,,
616,2020-02-07 13:00,1.4,9.8,2.1,0,,,52.6,,
616,2020-02-07 14:00,2,329.7,1.7,0,,,51.3,,
616,2020-02-07 15:00,2,349.9,1.8,0,,,53.3,,
616,2020-02-07 16:00,1.2,351.2,1.9,0,,,57,,
616,2020-02-07 17:00,0.8,352.1,1.1,0,,,60.1,,
616,2020-02-07 18:00,-0.7,0,0.2,0,,,67.1,,
616,2020-02-07 19:00,-0.2,0,0.3,0,,,67.2,,
616,2020-02-07 20:00,-0.2,200.3,1.7,0,,,66.1,,
616,2020-02-07 21:00,-0.2,185.1,1.7,0,,,71,,
616,2020-02-07 22:00,0.4,194,1.6,0,,,71.4,,
616,2020-02-07 23:00,0.3,198.2,1.6,0,,,74,,
616,2020-02-08 0:00,0.6,204.6,1.6,0,,,76.3,,
616,2020-02-08 1:00,0.9,192.8,0.8,0,,,75.6,,
616,2020-02-08 2:00,-0.4,0,0.3,0,,,81.3,,
616,2020-02-08 3:00,0.6,317.6,0.9,0,,,77.8,,
616,2020-02-08 4:00,0.9,333,2.1,0,,,75.3,,
616,2020-02-08 5:00,1,323.9,3.7,0,,,72.7,,
616,2020-02-08 6:00,0.5,327.2,2.6,0,,,72.1,,
616,2020-02-08 7:00,0.5,316.9,4,0,,,63.4,,
616,2020-02-08 8:00,0.1,331.9,2.9,0,,,69.2,,
616,2020-02-08 9:00,0,325.3,3.4,0,,,65.8,,
616,2020-02-08 10:00,0.8,333.8,3.5,0,,,61,,
616,2020-02-08 11:00,1.2,316.6,3.7,0,,,58.1,,
616,2020-02-08 12:00,1.6,323.7,2.9,0,,,53.5,,
616,2020-02-08 13:00,2.7,328.9,3.9,0,,,47.4,,
616,2020-02-08 14:00,2.5,315.1,4.1,0,,,51,,
616,2020-02-08 15:00,3.1,316.5,4.3,0,,,47,,
616,2020-02-08 16:00,2.2,322.3,4.8,0,,,39.5,,
616,2020-02-08 17:00,2,319.4,3.8,0,,,41,,
616,2020-02-08 18:00,1.1,326.2,2.7,0,,,47.9,,
616,2020-02-08 19:00,-0.1,45.4,0.9,0,,,53.7,,
616,2020-02-08 20:00,-1.9,159.8,0.6,0,,,65.8,,
616,2020-02-08 21:00,-1.6,222.7,0.8,0,,,61.3,,
616,2020-02-08 22:00,-2.5,200.7,0.5,0,,,68.3,,
616,2020-02-08 23:00,-2.4,303.4,0.9,0,,,68,,
616,2020-02-09 0:00,-1.9,328.3,1.3,0,,,66.2,,
616,2020-02-09 1:00,-3.6,259.1,0.6,0,,,73.7,,
616,2020-02-09 2:00,-3.9,217.9,0.6,0,,,73,,
616,2020-02-09 3:00,-4.5,0,0.2,0,,,73.4,,
616,2020-02-09 4:00,-4.6,194.3,0.5,0,,,73.4,,
616,2020-02-09 5:00,-5.2,204.2,1.1,0,,,77.9,,
616,2020-02-09 6:00,-5.1,184.2,1.4,0,,,80.1,,
616,2020-02-09 7:00,-4.6,201.1,2.2,0,,,74.9,,
616,2020-02-09 8:00,-4.7,190.6,1.6,0,,,78.3,,
616,2020-02-09 9:00,-2.3,194.7,1.6,0,,,65.4,,
616,2020-02-09 10:00,0.3,194.6,1.7,0,,,52.1,,
616,2020-02-09 11:00,1.5,230.3,2.2,0,,,45,,
616,2020-02-09 12:00,2.7,279.2,2.3,0,,,40.7,,
616,2020-02-09 13:00,3.3,307.6,2.8,0,,,40.7,,
616,2020-02-09 14:00,3.4,318.5,3.6,0,,,42.5,,
616,2020-02-09 15:00,4.7,244,2.8,0,,,40.9,,
616,2020-02-09 16:00,4.6,230.7,2.2,0,,,43.5,,
616,2020-02-09 17:00,3.6,260.4,1.8,0,,,50.2,,
616,2020-02-09 18:00,2.6,222.8,1.1,0,,,54.4,,
616,2020-02-09 19:00,1,195,1.3,0,,,63.8,,
616,2020-02-09 20:00,-0.3,166.4,0.8,0,,,68.8,,
616,2020-02-09 21:00,-0.7,153.9,1.6,0,,,72.7,,
616,2020-02-09 22:00,-1.5,150.9,0.7,0,,,78,,
616,2020-02-09 23:00,0.2,184.8,1.7,0,,,77.2,,
616,2020-02-10 0:00,0.7,183.5,1.8,0,,,76.6,,
616,2020-02-10 1:00,1.3,180.8,1.8,0,,,75.4,,
616,2020-02-10 2:00,2,193.2,1.6,0,,,72.8,,
616,2020-02-10 3:00,2.5,188.9,2.3,0,,,71.5,,
616,2020-02-10 4:00,2.2,192.4,2.3,0,,,74.6,,
616,2020-02-10 5:00,2.1,193.3,2,0,,,76.8,,
616,2020-02-10 6:00,1.7,196,1.3,0,,,80.2,,
616,2020-02-10 7:00,0.6,223.9,0.9,0,,,87.8,,
616,2020-02-10 8:00,0.1,0,0.4,0,,,92.1,,
616,2020-02-10 9:00,2.3,264.4,0.5,0,,,86.4,,
616,2020-02-10 10:00,5.5,0,0.3,0,,,73.5,,
616,2020-02-10 11:00,6.9,42.5,1.6,0,,,45.7,,
616,2020-02-10 12:00,8.4,348,2,0,,,34.6,,
616,2020-02-10 13:00,9.4,9.5,2.5,0,,,24.7,,
616,2020-02-10 14:00,10,3.5,2.2,0,,,28.5,,
616,2020-02-10 15:00,9.6,353.3,3.3,0,,,27.2,,
616,2020-02-10 16:00,9.3,15.1,2.5,0,,,28.3,,
616,2020-02-10 17:00,8.4,5.1,1.8,0,,,27.6,,
616,2020-02-10 18:00,6.6,359.2,2.3,0,,,34.1,,
616,2020-02-10 19:00,3.6,225.7,0.8,0,,,48.3,,
616,2020-02-10 20:00,2.4,0,0.4,0,,,50.7,,
616,2020-02-10 21:00,1.7,208.6,0.7,0,,,53.1,,
616,2020-02-10 22:00,0.5,156.6,0.6,0,,,55.1,,
616,2020-02-10 23:00,-0.9,0,0.3,0,,,61.2,,
616,2020-02-11 0:00,-0.8,0,0.4,0,,,57.4,,
616,2020-02-11 1:00,-1,0,0.2,0,,,57.9,,
616,2020-02-11 2:00,-1.1,142.9,0.6,0,,,58.7,,
616,2020-02-11 3:00,-1.2,0,0.3,0,,,61.6,,
616,2020-02-11 4:00,-0.9,176.6,0.5,0,,,60.2,,
616,2020-02-11 5:00,-2.1,0,0.4,0,,,65.4,,
616,2020-02-11 6:00,-1.3,169.4,0.6,0,,,61.2,,
616,2020-02-11 7:00,-1.9,0,0.1,0,,,63.9,,
616,2020-02-11 8:00,-1.9,0,0.4,0,,,66.3,,
616,2020-02-11 9:00,1.5,0,0.1,0,,,59.9,,
616,2020-02-11 10:00,5.8,73,1.3,0,,,45.2,,
616,2020-02-11 11:00,9.3,90,0.7,0,,,37.9,,
616,2020-02-11 12:00,11.7,51.2,2,0,,,29.7,,
616,2020-02-11 13:00,12.7,59,1.7,0,,,25.9,,
616,2020-02-11 14:00,13.9,203.4,2.6,0,,,22.7,,
616,2020-02-11 15:00,13.1,214.6,3.5,0,,,20.6,,
616,2020-02-11 16:00,12.8,195.6,3,0,,,23.2,,
616,2020-02-11 17:00,10.6,196.9,1.9,0,,,28.5,,
616,2020-02-11 18:00,9.6,204.5,1.5,0,,,32.6,,
616,2020-02-11 19:00,8.9,200.6,1.3,0,,,35.8,,
616,2020-02-11 20:00,7.4,170.2,1,0,,,42,,
616,2020-02-11 21:00,7.2,184.5,0.7,0,,,44.5,,
616,2020-02-11 22:00,7.1,0,0.3,0,,,44.2,,
616,2020-02-11 23:00,6.7,117.2,0.6,0,,,43.7,,
616,2020-02-12 0:00,6.7,105.5,0.7,0,,,44.7,,
616,2020-02-12 1:00,6.6,0,0.2,0,,,47.8,,
616,2020-02-12 2:00,6.9,92.4,0.8,0,,,48.2,,
616,2020-02-12 3:00,6.5,0,0.4,0,,,55.3,,
616,2020-02-12 4:00,5.8,89.3,1,0,,,65.3,,
616,2020-02-12 5:00,4.5,0,0.4,0,,,83.7,,
616,2020-02-12 6:00,4.2,0,0.3,0.5,,,90.7,,
616,2020-02-12 7:00,4.2,76,0.5,0.5,,,93,,
616,2020-02-12 8:00,4.4,95.6,0.7,0,,,91.9,,
616,2020-02-12 9:00,4.7,105.7,1,1.5,,,95.3,,
616,2020-02-12 10:00,5.2,87.9,0.6,0.5,,,97.4,,
616,2020-02-12 11:00,5.1,82.9,1.7,2,,,97.9,,
616,2020-02-12 12:00,5.7,76.8,1.1,1,,,98.4,,
616,2020-02-12 13:00,6.2,102.3,1.1,0.5,,,98.7,,
616,2020-02-12 14:00,6.5,103.9,1.4,0.5,,,98.9,,
616,2020-02-12 15:00,6.8,82.1,0.8,1.5,,,98.9,,
616,2020-02-12 16:00,6.9,93.8,0.5,1,,,98.9,,
616,2020-02-12 17:00,6.9,0,0.1,0,,,98.9,,
616,2020-02-12 18:00,6.8,0,0,0.5,,,98.9,,
616,2020-02-12 19:00,6.7,95.7,0.5,0,,,98.9,,
616,2020-02-12 20:00,6.5,0,0,0,,,98.9,,
616,2020-02-12 21:00,6.8,318.1,0.7,0,,,98.9,,
616,2020-02-12 22:00,6.6,303,0.7,0.5,,,98.9,,
616,2020-02-12 23:00,6.7,231.6,0.9,0,,,98.9,,
616,2020-02-13 0:00,6.5,284.3,0.6,0,,,98.9,,
616,2020-02-13 1:00,6.5,225.7,1.4,0,,,98.9,,
616,2020-02-13 2:00,6,218.6,0.6,0,,,98.9,,
616,2020-02-13 3:00,5.8,212.2,1.9,0,,,98.9,,
616,2020-02-13 4:00,6,0,0.4,0,,,98.9,,
616,2020-02-13 5:00,5.5,218,2,0,,,98.9,,
616,2020-02-13 6:00,5.1,227.5,1.3,0,,,98.9,,
616,2020-02-13 7:00,4.5,230.1,1.7,0,,,98.9,,
616,2020-02-13 8:00,4.9,189.4,0.5,0,,,98.9,,
616,2020-02-13 9:00,5.2,229.4,1.3,0,,,97.6,,
616,2020-02-13 10:00,5.9,210.3,1.1,0,,,94.6,,
616,2020-02-13 11:00,6.5,219.6,1,0,,,91.8,,
616,2020-02-13 12:00,7.2,247.1,1.2,0,,,86.9,,
616,2020-02-13 13:00,7.9,86.1,0.6,0,,,84.4,,
616,2020-02-13 14:00,8.7,0,0.3,0,,,82.7,,
616,2020-02-13 15:00,7.7,2.2,1.7,0,,,89,,
616,2020-02-13 16:00,8.5,9.7,1.7,0,,,86.9,,
616,2020-02-13 17:00,7.2,19.8,1.8,0,,,88.5,,
616,2020-02-13 18:00,6.5,0.1,1.5,0,,,89.2,,
616,2020-02-13 19:00,6.2,335.5,1.5,0,,,90.3,,
616,2020-02-13 20:00,5.9,336.6,1.1,0,,,91.5,,
616,2020-02-13 21:00,5.7,0,0.4,0,,,93,,
616,2020-02-13 22:00,4.3,0,0.4,0,,,97.6,,
616,2020-02-13 23:00,4,233.9,0.7,0,,,98.9,,
616,2020-02-14 0:00,3.6,0,0.1,0,,,98.9,,
616,2020-02-14 1:00,4.3,330.2,1,0,,,98.9,,
616,2020-02-14 2:00,4.2,345.8,0.7,0,,,96.8,,
616,2020-02-14 3:00,4.3,338.5,0.7,0,,,95.9,,
616,2020-02-14 4:00,4.1,341.5,1.5,0,,,96.3,,
616,2020-02-14 5:00,4.1,327.4,1,0,,,96.8,,
616,2020-02-14 6:00,4.2,0,0.3,0,,,97,,
616,2020-02-14 7:00,4.2,345.6,1,0,,,96.6,,
616,2020-02-14 8:00,4.2,336.1,0.6,0,,,96.4,,
616,2020-02-14 9:00,4.5,6.7,1.3,0,,,95.9,,
616,2020-02-14 10:00,5.9,60,1.1,0,,,89.7,,
616,2020-02-14 11:00,7.3,104.8,1.4,0,,,83.1,,
616,2020-02-14 12:00,8.5,72.5,1.5,0,,,79.9,,
616,2020-02-14 13:00,10.4,88.6,1.1,0,,,67.6,,
616,2020-02-14 14:00,12.1,359.8,1.4,0,,,63.4,,
616,2020-02-14 15:00,13.3,42.5,1.3,0,,,62.2,,
616,2020-02-14 16:00,12.7,10.5,1.9,0,,,68.8,,
616,2020-02-14 17:00,10.4,344.6,2.1,0,,,74.5,,
616,2020-02-14 18:00,8.2,342.9,1.2,0,,,82.9,,
616,2020-02-14 19:00,6.7,8.6,0.8,0,,,88.1,,
616,2020-02-14 20:00,5.7,0,0.1,0,,,92.6,,
616,2020-02-14 21:00,4.8,194.7,0.5,0,,,92.5,,
616,2020-02-14 22:00,4.4,0,0,0,,,94.8,,
616,2020-02-14 23:00,4.2,0,0,0,,,98,,
616,2020-02-15 0:00,3.6,0,0,0,,,97.7,,
616,2020-02-15 1:00,3,0,0,0,,,98.5,,
616,2020-02-15 2:00,3.2,0,0.3,0,,,98.9,,
616,2020-02-15 3:00,3.5,75.9,0.8,0,,,98.9,,
616,2020-02-15 4:00,3.7,52.4,1,0,,,95.2,,
616,2020-02-15 5:00,3.8,147.8,0.8,0,,,95.9,,
616,2020-02-15 6:00,3.4,67.3,0.8,0,,,94.2,,
616,2020-02-15 7:00,2.9,0,0.1,0,,,96.3,,
616,2020-02-15 8:00,4,86.7,1,0,,,91.5,,
616,2020-02-15 9:00,6.6,88.8,0.8,0,,,80.9,,
616,2020-02-15 10:00,11.3,54.5,0.7,0,,,62.3,,
616,2020-02-15 11:00,12,52.5,2.1,0,,,60.2,,
616,2020-02-15 12:00,14.3,92.1,0.9,0,,,52.7,,
616,2020-02-15 13:00,15.1,107.9,1.5,0,,,50.4,,
616,2020-02-15 14:00,14.5,108.3,0.6,0,,,51.4,,
616,2020-02-15 15:00,13.4,241,1.3,0,,,47.8,,
616,2020-02-15 16:00,12.2,311.7,1.7,0,,,55.4,,
616,2020-02-15 17:00,11.3,286.5,1.2,0,,,54.6,,
616,2020-02-15 18:00,10,296.6,1.1,0,,,65.2,,
616,2020-02-15 19:00,8.9,214.5,1.2,0,,,74.9,,
616,2020-02-15 20:00,6.8,309.2,1.2,0,,,91.5,,
616,2020-02-15 21:00,6,274,1.4,0,,,97.5,,
616,2020-02-15 22:00,4.7,312.5,2.8,0.5,,,96.7,,
616,2020-02-15 23:00,4.2,319,1.2,0.5,,,98.1,,
616,2020-02-16 0:00,3.6,257.5,1.7,0,,,98.1,,
616,2020-02-16 1:00,2.9,284,2.2,1.5,,,96,,
616,2020-02-16 2:00,1.5,300.3,1.6,1.5,,,95.5,,
616,2020-02-16 3:00,0.8,286,1.5,3,,,96.9,,
616,2020-02-16 4:00,0.4,268.4,1.9,1,,,97.3,,
616,2020-02-16 5:00,0.3,283.5,1.6,1,,,96.9,,
616,2020-02-16 6:00,0.3,240.2,2.3,0.5,,,97.9,,
616,2020-02-16 7:00,0.4,264,2.1,0.5,,,93.1,,
616,2020-02-16 8:00,0,217.4,1.9,0,,,86.5,,
616,2020-02-16 9:00,-0.4,280.7,1.8,0,,,83.9,,
616,2020-02-16 10:00,-0.5,250.6,2.2,0,,,81.1,,
616,2020-02-16 11:00,-0.8,296.5,2.3,0,,,86.7,,
616,2020-02-16 12:00,-0.7,243.5,2.8,0,,,83.1,,
616,2020-02-16 13:00,-1,247.4,2.6,0,,,88.2,,
616,2020-02-16 14:00,-0.6,283.5,3.6,1,,,81.9,,
616,2020-02-16 15:00,-1.1,301.7,3,0,,,82.5,,
616,2020-02-16 16:00,-1.1,300.8,3.2,0,,,75.6,,
616,2020-02-16 17:00,-1.6,319.3,3.1,0,,,82.3,,
616,2020-02-16 18:00,-2.6,288.4,2.8,0,,,90,,
616,2020-02-16 19:00,-2.2,255.7,2.6,0,,,82.7,,
616,2020-02-16 20:00,-2.5,237.4,2.5,0.5,,,78.4,,
616,2020-02-16 21:00,-3,315.5,1.7,0,,,88.3,,
616,2020-02-16 22:00,-3.3,318.6,2.3,0,,,86.5,,
616,2020-02-16 23:00,-3.1,306.7,2.3,0,,,80.6,,
616,2020-02-17 0:00,-3.2,218.6,1.8,0,,,87.3,,
616,2020-02-17 1:00,-2.2,307.9,1.7,0,,,69.8,,
616,2020-02-17 2:00,-2.5,315.9,4.3,0,,,70.2,,
616,2020-02-17 3:00,-3.2,317.2,3.9,0,,,76.6,,
616,2020-02-17 4:00,-3.4,320,4,0,,,72.3,,
616,2020-02-17 5:00,-3.8,305.7,2.2,0,,,77,,
616,2020-02-17 6:00,-4.4,316,1.7,0,,,85.9,,
616,2020-02-17 7:00,-4.8,282.9,1.1,0.5,,,93,,
616,2020-02-17 8:00,-4.8,304.5,1.7,0,,,87.6,,
616,2020-02-17 9:00,-5,313.5,3.2,0.5,,,89.1,,
616,2020-02-17 10:00,-4.7,272.5,1.3,0.5,,,89.1,,
616,2020-02-17 11:00,-4.1,318.4,3.8,0,,,78.8,,
616,2020-02-17 12:00,-3.8,325.4,4.7,0,,,67.2,,
616,2020-02-17 13:00,-3.9,320.4,4.4,0,,,67.5,,
616,2020-02-17 14:00,-3.7,308.9,3.8,0,,,63.9,,
616,2020-02-17 15:00,-4,321.8,4.8,0,,,62.8,,
616,2020-02-17 16:00,-4.2,316.8,5,0,,,63.9,,
616,2020-02-17 17:00,-4.2,321.7,3.9,0,,,63.9,,
616,2020-02-17 18:00,-4.7,321.7,4,0,,,69.6,,
616,2020-02-17 19:00,-4.6,316.3,4.2,0,,,66.5,,
616,2020-02-17 20:00,-5,321.9,5.4,0,,,74.7,,
616,2020-02-17 21:00,-5.2,335.4,3.5,0,,,74.4,,
616,2020-02-17 22:00,-5.2,329.8,2.3,0,,,79.2,,
616,2020-02-17 23:00,-4.3,322.6,3.4,0,,,64.4,,
616,2020-02-18 0:00,-4.1,315.7,4.4,0,,,63.2,,
616,2020-02-18 1:00,-4.1,318,2.7,0,,,61.2,,
616,2020-02-18 2:00,-4.2,325,3.1,0,,,61.9,,
616,2020-02-18 3:00,-4.2,324.3,4.1,0,,,62.6,,
616,2020-02-18 4:00,-4.7,323.2,3.4,0,,,60.6,,
616,2020-02-18 5:00,-5.7,311.6,1.6,0,,,67.7,,
616,2020-02-18 6:00,-6.1,203.9,1.1,0,,,70.7,,
616,2020-02-18 7:00,-6.6,275.8,0.5,0,,,75.6,,
616,2020-02-18 8:00,-6.6,210.5,0.5,0,,,78.6,,
616,2020-02-18 9:00,-4.2,328.9,2.9,0,,,64.2,,
616,2020-02-18 10:00,-2.8,332.8,2.2,0,,,54.7,,
616,2020-02-18 11:00,-1.8,323.3,3.9,0,,,46.2,,
616,2020-02-18 12:00,-1.2,314.6,2.5,0,,,46.3,,
616,2020-02-18 13:00,-0.4,330,3.2,0,,,48.7,,
616,2020-02-18 14:00,1,306.9,2.1,0,,,48.3,,
616,2020-02-18 15:00,1.4,283.5,1.9,0,,,43.7,,
616,2020-02-18 16:00,1.5,307.6,1.4,0,,,49,,
616,2020-02-18 17:00,1.2,306.5,2.6,0,,,46.7,,
616,2020-02-18 18:00,-0.3,273.6,1.4,0,,,50.7,,
616,2020-02-18 19:00,-1.9,0,0.2,0,,,62.9,,
616,2020-02-18 20:00,-2.6,226.5,0.6,0,,,68.4,,
616,2020-02-18 21:00,-3.2,223.8,0.5,0,,,73.4,,
616,2020-02-18 22:00,-2.8,209.9,1.6,0,,,71.4,,
616,2020-02-18 23:00,-3.3,197.7,1.2,0,,,75.1,,
616,2020-02-19 0:00,-3.5,196.6,1.4,0,,,79.5,,
616,2020-02-19 1:00,-4.4,181.5,0.6,0,,,83.8,,
616,2020-02-19 2:00,-4,194,0.7,0,,,83.6,,
616,2020-02-19 3:00,-4.4,0,0.1,0,,,87.5,,
616,2020-02-19 4:00,-4.7,159.1,0.5,0,,,88.9,,
616,2020-02-19 5:00,-4.6,0,0.2,0,,,89.7,,
616,2020-02-19 6:00,-4.5,0,0.4,0,,,88,,
616,2020-02-19 7:00,-4.7,0,0.1,0,,,86.7,,
616,2020-02-19 8:00,-3.8,0,0.1,0,,,83.4,,
616,2020-02-19 9:00,-2.1,0,0.2,0,,,79.1,,
616,2020-02-19 10:00,0.7,77.6,0.8,0,,,67.7,,
616,2020-02-19 11:00,2.3,110.5,1.2,0,,,56.5,,
616,2020-02-19 12:00,4.4,82.8,1.4,0,,,52.9,,
616,2020-02-19 13:00,5.2,59.8,2.1,0,,,51.1,,
616,2020-02-19 14:00,6.4,88.6,1.7,0,,,50.1,,
616,2020-02-19 15:00,7,66.9,1,0,,,50.9,,
616,2020-02-19 16:00,7.5,105,1.4,0,,,52.5,,
616,2020-02-19 17:00,6.6,142.7,0.9,0,,,58.6,,
616,2020-02-19 18:00,4.8,135.2,0.6,0,,,67.2,,
616,2020-02-19 19:00,3.6,0,0.4,0,,,71.8,,
616,2020-02-19 20:00,3.5,196,0.9,0,,,75.6,,
616,2020-02-19 21:00,2.1,0,0.1,0,,,85.1,,
616,2020-02-19 22:00,1.8,194.6,0.6,0,,,87.9,,
616,2020-02-19 23:00,1,0,0,0,,,91,,
616,2020-02-20 0:00,0.6,0,0.1,0,,,92.9,,
616,2020-02-20 1:00,0.1,0,0,0,,,93.8,,
616,2020-02-20 2:00,-0.2,0,0.4,0,,,95.9,,
616,2020-02-20 3:00,-0.3,0,0,0,,,96,,
616,2020-02-20 4:00,-0.7,151.3,1,0,,,97.8,,
616,2020-02-20 5:00,-0.6,0,0,0,,,98.5,,
616,2020-02-20 6:00,-0.9,0,0.3,0,,,98.9,,
616,2020-02-20 7:00,-0.6,0,0.3,0,,,98.9,,
616,2020-02-20 8:00,-0.7,0,0.1,0,,,98.9,,
616,2020-02-20 9:00,1.1,0,0.2,0,,,98.9,,
616,2020-02-20 10:00,4.4,0,0.3,0,,,86.3,,
616,2020-02-20 11:00,7.3,328.8,0.8,0,,,75.7,,
616,2020-02-20 12:00,9.1,264.6,1.4,0,,,67.9,,
616,2020-02-20 13:00,9.3,350.4,1.7,0,,,64.6,,
616,2020-02-20 14:00,10.2,280.4,1.6,0,,,55.4,,
616,2020-02-20 15:00,9.3,351.3,3.5,0,,,69.7,,
616,2020-02-20 16:00,9.5,344.5,3,0,,,70.2,,
616,2020-02-20 17:00,8.5,355.6,2.5,0,,,66,,
616,2020-02-20 18:00,6.9,338.4,1.5,0,,,72.5,,
616,2020-02-20 19:00,4.9,316.2,1.1,0,,,82.1,,
616,2020-02-20 20:00,3.7,315.1,1,0,,,88,,
616,2020-02-20 21:00,2.9,0,0.2,0,,,91.5,,
616,2020-02-20 22:00,2.1,0,0.1,0,,,92.6,,
616,2020-02-20 23:00,1.7,0,0.3,0,,,95,,
616,2020-02-21 0:00,1.2,0,0,0,,,95.9,,
616,2020-02-21 1:00,1.1,0,0.1,0,,,96.5,,
616,2020-02-21 2:00,1,0,0.3,0,,,98.1,,
616,2020-02-21 3:00,2,0,0.3,0,,,92.9,,
616,2020-02-21 4:00,1,0,0.3,0,,,97.1,,
616,2020-02-21 5:00,0.3,0,0.3,0,,,97.3,,
616,2020-02-21 6:00,-0.2,0,0,0,,,98.9,,
616,2020-02-21 7:00,0.2,0,0.2,0,,,98.9,,
616,2020-02-21 8:00,1.1,0,0,0,,,98.4,,
616,2020-02-21 9:00,3.2,0,0,0,,,90.8,,
616,2020-02-21 10:00,6,0,0.1,0,,,76.9,,
616,2020-02-21 11:00,7.8,0,0,0,,,69.1,,
616,2020-02-21 12:00,9.1,102.2,0.6,0,,,60.8,,
616,2020-02-21 13:00,11.7,193.2,3.3,0,,,47.5,,
616,2020-02-21 14:00,12.5,200,2.8,0,,,51.2,,
616,2020-02-21 15:00,11.4,199,3.6,0,,,54.9,,
616,2020-02-21 16:00,11,184.6,2.2,0,,,53.2,,
616,2020-02-21 17:00,10.6,179.6,2.4,0,,,56.2,,
616,2020-02-21 18:00,10.3,193.2,0.8,0,,,59.8,,
616,2020-02-21 19:00,9.7,173.6,0.9,0,,,63.3,,
616,2020-02-21 20:00,7.9,191.6,1.3,0.5,,,85.7,,
616,2020-02-21 21:00,7.1,247.6,1.1,0.5,,,94.9,,
616,2020-02-21 22:00,7.1,158,0.9,1,,,93.9,,
616,2020-02-21 23:00,6.7,170.9,1,0,,,97.9,,
616,2020-02-22 0:00,7,213,1.2,1.5,,,97.6,,
616,2020-02-22 1:00,7.4,211.1,1.7,1.5,,,95.7,,
616,2020-02-22 2:00,7,307.3,3.3,0.5,,,92.7,,
616,2020-02-22 3:00,5.4,279.2,1.7,0,,,89.4,,
616,2020-02-22 4:00,5,310.7,2.1,0,,,85.7,,
616,2020-02-22 5:00,4.1,272.8,1.5,0,,,86.8,,
616,2020-02-22 6:00,4,237.4,1.6,0,,,86.3,,
616,2020-02-22 7:00,4.1,230.9,1.2,0,,,87.6,,
616,2020-02-22 8:00,4.3,236.3,1.8,0,,,85.6,,
616,2020-02-22 9:00,5,237.9,2.4,0,,,84.5,,
616,2020-02-22 10:00,6.2,240.2,3,0,,,77.9,,
616,2020-02-22 11:00,7.9,256.6,2.5,0,,,65.7,,
616,2020-02-22 12:00,8.3,261.5,4,0,,,38.1,,
616,2020-02-22 13:00,8.1,254.4,5.2,0,,,42.3,,
616,2020-02-22 14:00,7.3,306.4,4.1,0,,,52,,
616,2020-02-22 15:00,7.3,238.7,4.4,0,,,49.2,,
616,2020-02-22 16:00,5.7,247.9,4,0,,,48.3,,
616,2020-02-22 17:00,5.3,305,2.8,0,,,55.8,,
616,2020-02-22 18:00,3.6,315.2,3.9,0,,,53.8,,
616,2020-02-22 19:00,2.8,244.3,2.6,0,,,54.9,,
616,2020-02-22 20:00,2.3,309.6,3.1,0,,,57.6,,
616,2020-02-22 21:00,2.5,310.3,4.1,0,,,55.6,,
616,2020-02-22 22:00,2.4,321.9,4,0,,,58.7,,
616,2020-02-22 23:00,2,317.6,3.5,0,,,61.6,,
616,2020-02-23 0:00,1.7,323.9,4,0,,,58.3,,
616,2020-02-23 1:00,1.5,320,3.3,0,,,57,,
616,2020-02-23 2:00,0.5,339.1,1.4,0,,,63.2,,
616,2020-02-23 3:00,-1,236.7,0.7,0,,,71.4,,
616,2020-02-23 4:00,-1.5,214.7,0.5,0,,,70.3,,
616,2020-02-23 5:00,-2,208.4,0.9,0,,,76,,
616,2020-02-23 6:00,-1.8,0,0.4,0,,,72.1,,
616,2020-02-23 7:00,-3,0,0.4,0,,,76.7,,
616,2020-02-23 8:00,-1.9,185.6,0.5,0,,,71.6,,
616,2020-02-23 9:00,1.1,196.1,1.7,0,,,56.2,,
616,2020-02-23 10:00,4.2,203.8,1.2,0,,,43.5,,
616,2020-02-23 11:00,4.7,332.9,1.5,0,,,36.4,,
616,2020-02-23 12:00,5.9,321.4,1.8,0,,,36.4,,
616,2020-02-23 13:00,6.8,338,1.8,0,,,44.6,,
616,2020-02-23 14:00,7,214.9,1.6,0,,,38.5,,
616,2020-02-23 15:00,7.8,246.5,1.7,0,,,42.9,,
616,2020-02-23 16:00,7.8,218.5,2.3,0,,,43,,
616,2020-02-23 17:00,6.5,193.6,3.3,0,,,47.5,,
616,2020-02-23 18:00,4.6,203.9,1.8,0,,,53.4,,
616,2020-02-23 19:00,3.2,214.9,2.4,0,,,58.7,,
616,2020-02-23 20:00,2.8,212.9,1.8,0,,,63.2,,
616,2020-02-23 21:00,1.6,171.4,1.1,0,,,70,,
616,2020-02-23 22:00,0.3,155.9,0.5,0,,,77.1,,
616,2020-02-23 23:00,0.1,185,0.7,0,,,70.1,,
616,2020-02-24 0:00,-0.4,0,0.4,0,,,72.6,,
616,2020-02-24 1:00,0,0,0.2,0,,,76,,
616,2020-02-24 2:00,-0.5,182.2,0.6,0,,,78.5,,
616,2020-02-24 3:00,-1.3,131.5,0.5,0,,,81.9,,
616,2020-02-24 4:00,-1.3,0,0.4,0,,,79.6,,
616,2020-02-24 5:00,-1.8,0,0.1,0,,,84.6,,
616,2020-02-24 6:00,-1.8,0,0,0,,,85.5,,
616,2020-02-24 7:00,-1.6,0,0.3,0,,,82.6,,
616,2020-02-24 8:00,-0.7,0,0.4,0,,,80,,
616,2020-02-24 9:00,2,97.6,1.5,0,,,66.1,,
616,2020-02-24 10:00,5.4,96,1.1,0,,,57.2,,
616,2020-02-24 11:00,9.1,152.3,1.3,0,,,54.8,,
616,2020-02-24 12:00,11.7,205.8,2.3,0,,,50.7,,
616,2020-02-24 13:00,11.6,213.7,2.6,0,,,49.2,,
616,2020-02-24 14:00,11.9,207.1,2.5,0,,,38.8,,
616,2020-02-24 15:00,13.1,214.8,2,0,,,34.7,,
616,2020-02-24 16:00,12.3,227.3,2.1,0,,,37.9,,
616,2020-02-24 17:00,12,231,1.8,0,,,44,,
616,2020-02-24 18:00,10.3,219.7,0.9,0,,,49.9,,
616,2020-02-24 19:00,7.3,335,0.9,0,,,65.1,,
616,2020-02-24 20:00,7.5,0,0.1,0,,,66.4,,
616,2020-02-24 21:00,7,0,0.3,0,,,68.6,,
616,2020-02-24 22:00,7,0,0.4,0,,,71.2,,
616,2020-02-24 23:00,6.4,158.7,1,0,,,82.3,,
616,2020-02-25 0:00,6,0,0,0.5,,,94.3,,
616,2020-02-25 1:00,6.1,0,0,1,,,97.9,,
616,2020-02-25 2:00,6,94.4,1.2,2,,,95.5,,
616,2020-02-25 3:00,5.9,84.7,1.3,3.5,,,96.7,,
616,2020-02-25 4:00,5.6,91.2,2.1,3.5,,,95.9,,
616,2020-02-25 5:00,5.2,75.9,2.1,4.5,,,96.9,,
616,2020-02-25 6:00,4.4,70.5,2.8,3,,,95,,
616,2020-02-25 7:00,4.5,72.1,3,3.5,,,94.5,,
616,2020-02-25 8:00,5,73.1,2.2,3,,,96.3,,
616,2020-02-25 9:00,5.3,17.1,2,4.5,,,96.3,,
616,2020-02-25 10:00,5.5,85.7,2.4,4.5,,,96.2,,
616,2020-02-25 11:00,5.7,77,2.2,1,,,96.3,,
616,2020-02-25 12:00,5.8,75.1,2.1,3,,,96.6,,
616,2020-02-25 13:00,6.2,50.4,1.7,2.5,,,96.6,,
616,2020-02-25 14:00,6.7,70.9,3.1,0.5,,,97,,
616,2020-02-25 15:00,6.8,62.5,3,0,,,96.1,,
616,2020-02-25 16:00,7.3,66.3,3.1,0,,,93.3,,
616,2020-02-25 17:00,7.6,48.6,1.7,0,,,89.3,,
616,2020-02-25 18:00,7.6,67.2,2.1,0,,,84.2,,
616,2020-02-25 19:00,7.6,68.2,2.3,0,,,82.4,,
616,2020-02-25 20:00,7.6,61.9,1.8,0,,,80.6,,
616,2020-02-25 21:00,7.5,55.4,1,0,,,80.2,,
616,2020-02-25 22:00,7.5,17,1.8,0,,,79.5,,
616,2020-02-25 23:00,7.3,34,1,0,,,75.5,,
616,2020-02-26 0:00,6.4,32.6,0.9,0,,,77.3,,
616,2020-02-26 1:00,5,356.5,1.3,0,,,84.3,,
616,2020-02-26 2:00,4.7,11.6,1.8,0,,,81.6,,
616,2020-02-26 3:00,3.5,0,0.1,0,,,87.5,,
616,2020-02-26 4:00,1.8,0,0.1,0,,,95.3,,
616,2020-02-26 5:00,3,353,1.2,0,,,91.6,,
616,2020-02-26 6:00,3.1,0,0.4,0,,,91.3,,
616,2020-02-26 7:00,3.1,0,0,0,,,91,,
616,2020-02-26 8:00,3.3,318.5,0.5,0,,,91.6,,
616,2020-02-26 9:00,5,0,0.3,0,,,79.6,,
616,2020-02-26 10:00,7.3,42.1,1,0,,,69.7,,
616,2020-02-26 11:00,8.5,302.4,1.6,0,,,69.8,,
616,2020-02-26 12:00,10.5,323.4,2.3,0,,,62.3,,
616,2020-02-26 13:00,10,312.2,3.9,0,,,57,,
616,2020-02-26 14:00,9.8,320,3.9,0,,,58.4,,
616,2020-02-26 15:00,8.9,318.9,4.5,0,,,68.7,,
616,2020-02-26 16:00,8.7,320.4,4.1,0,,,62.6,,
616,2020-02-26 17:00,7.8,313.6,2.8,0,,,72.2,,
616,2020-02-26 18:00,5.7,184.8,1.2,0,,,76.3,,
616,2020-02-26 19:00,4.2,219.5,1.6,0,,,81.4,,
616,2020-02-26 20:00,3.5,208.5,1.6,0,,,82.6,,
616,2020-02-26 21:00,3.8,226.1,1.9,0,,,83.5,,
616,2020-02-26 22:00,3.4,225,1.5,0,,,86.1,,
616,2020-02-26 23:00,3.5,219.7,1.9,0,,,86.6,,
616,2020-02-27 0:00,3.9,262.1,0.9,0,,,87.5,,
616,2020-02-27 1:00,3.7,298.7,0.8,0,,,86.3,,
616,2020-02-27 2:00,2.9,303,1.1,0,,,90.5,,
616,2020-02-27 3:00,1.8,0,0.4,0,,,91.8,,
616,2020-02-27 4:00,2.1,306.3,0.9,0,,,91.2,,
616,2020-02-27 5:00,1,0,0.3,0,,,95,,
616,2020-02-27 6:00,0.6,0,0.1,0,,,97.5,,
616,2020-02-27 7:00,-0.1,154.5,0.5,0,,,97.9,,
616,2020-02-27 8:00,0.2,0,0,0,,,98.9,,
616,2020-02-27 9:00,3.1,0,0.4,0,,,90.6,,
616,2020-02-27 10:00,5.2,247.6,0.9,0,,,82,,
616,2020-02-27 11:00,7.8,88.5,1.6,0,,,63.7,,
616,2020-02-27 12:00,8.5,77.1,1.5,0,,,59.1,,
616,2020-02-27 13:00,9.4,38.8,1.9,0,,,51.2,,
616,2020-02-27 14:00,10.5,230.5,1.4,0,,,38.6,,
616,2020-02-27 15:00,10.4,68.9,2.2,0,,,47.9,,
616,2020-02-27 16:00,10,6.1,2.5,0,,,52.5,,
616,2020-02-27 17:00,8.8,8,3.2,0,,,60.5,,
616,2020-02-27 18:00,7,318.9,1.7,0,,,65.4,,
616,2020-02-27 19:00,5.5,323.8,1.2,0,,,76.2,,
616,2020-02-27 20:00,4.2,235.9,0.7,0,,,82.6,,
616,2020-02-27 21:00,2.8,0,0,0,,,88.7,,
616,2020-02-27 22:00,2.3,208,0.5,0,,,89.7,,
616,2020-02-27 23:00,2,171.5,0.5,0,,,89.5,,
616,2020-02-28 0:00,1.2,0,0.1,0,,,92.9,,
616,2020-02-28 1:00,1.6,0,0.2,0,,,89.5,,
616,2020-02-28 2:00,2.3,0,0.4,0,,,84.2,,
616,2020-02-28 3:00,2.9,0,0.3,0,,,83.2,,
616,2020-02-28 4:00,3.1,206.6,0.5,0,,,82,,
616,2020-02-28 5:00,3,0,0,0,,,84.7,,
616,2020-02-28 6:00,3.1,0,0,0,,,84.5,,
616,2020-02-28 7:00,3.3,0,0.1,0,,,84.7,,
616,2020-02-28 8:00,3.7,0,0.2,0,,,85.8,,
616,2020-02-28 9:00,3.5,0,0.1,0.5,,,93.9,,
616,2020-02-28 10:00,3.6,355.8,0.7,1,,,94.7,,
616,2020-02-28 11:00,3.3,358.2,1.9,1.5,,,94.4,,
616,2020-02-28 12:00,2.9,21.1,1.1,1.5,,,96.3,,
616,2020-02-28 13:00,3.2,345.5,1.8,0.5,,,96.1,,
616,2020-02-28 14:00,3.9,33.1,0.7,0.5,,,96.2,,
616,2020-02-28 15:00,4.9,73.3,0.6,0.5,,,96,,
616,2020-02-28 16:00,6.5,148.3,1.1,0,,,91.4,,
616,2020-02-28 17:00,6.5,0,0.3,0,,,89.5,,
616,2020-02-28 18:00,6.1,0,0.3,0,,,90.6,,
616,2020-02-28 19:00,5.9,141.2,0.6,0,,,93.7,,
616,2020-02-28 20:00,5.8,0,0.2,0,,,93.9,,
616,2020-02-28 21:00,5.5,0,0.1,0,,,96,,
616,2020-02-28 22:00,5.6,78.7,0.8,0,,,94.5,,
616,2020-02-28 23:00,5.6,32.6,0.7,0,,,95.5,,
616,2020-02-29 0:00,5.4,97.6,0.5,0,,,96.5,,
616,2020-02-29 1:00,5.2,0,0.1,0,,,97.4,,
616,2020-02-29 2:00,5.2,28.1,0.6,0,,,97.8,,
616,2020-02-29 3:00,5.2,0,0.3,0,,,97,,
616,2020-02-29 4:00,5.1,0,0.2,0,,,96.8,,
616,2020-02-29 5:00,5,0,0.1,0,,,96.7,,
616,2020-02-29 6:00,4.9,9.9,1.3,0,,,98.2,,
616,2020-02-29 7:00,5,20,0.9,0,,,98.6,,
616,2020-02-29 8:00,5.2,9.1,0.8,0,,,97.9,,
616,2020-02-29 9:00,5.4,355.8,0.7,0,,,97.7,,
616,2020-02-29 10:00,6.2,357.6,0.5,0,,,94.3,,
616,2020-02-29 11:00,7.5,341.3,0.9,0,,,87,,
616,2020-02-29 12:00,8,341.6,2.3,0,,,85.3,,
616,2020-02-29 13:00,9.1,346,2.3,0,,,82.2,,
616,2020-02-29 14:00,10.1,340,2.8,0,,,71.6,,
616,2020-02-29 15:00,10.6,350.8,2.4,0,,,66.2,,
616,2020-02-29 16:00,10.1,340.2,3.5,0,,,65.7,,
616,2020-02-29 17:00,9.3,329.5,2.1,0,,,67.2,,
616,2020-02-29 18:00,7.5,351.4,2,0,,,72.8,,
616,2020-02-29 19:00,5.9,323.8,1.2,0,,,82.9,,
616,2020-02-29 20:00,5.2,293.8,0.8,0,,,81.6,,
616,2020-02-29 21:00,3.8,0,0.4,0,,,87.3,,
616,2020-02-29 22:00,3.3,0,0.2,0,,,91.9,,
616,2020-02-29 23:00,2.9,0,0.3,0,,,94,,
616,2020-03-01 0:00,2.3,0,0,0,,,96.9,,
616,2020-03-01 1:00,2,178.9,0.8,0,,,97.6,,
616,2020-03-01 2:00,1.6,0,0,0,,,98.3,,
616,2020-03-01 3:00,1.1,200.2,0.5,0,,,98,,
616,2020-03-01 4:00,1.5,0,0.1,0,,,97.6,,
616,2020-03-01 5:00,2.8,234.3,0.9,0,,,98.7,,
616,2020-03-01 6:00,2.4,174.8,0.8,0,,,98.9,,
616,2020-03-01 7:00,2.6,169.8,0.7,0,,,98.9,,
616,2020-03-01 8:00,3.4,184.1,0.9,0,,,98.9,,
616,2020-03-01 9:00,4.6,0,0.1,0,,,95.4,,
616,2020-03-01 10:00,5.3,0,0.4,0,,,90.5,,
616,2020-03-01 11:00,7.2,191,0.7,0,,,81.8,,
616,2020-03-01 12:00,8.4,304.2,0.8,0,,,77.3,,
616,2020-03-01 13:00,7.3,225.3,2.1,0,,,80.3,,
616,2020-03-01 14:00,6.2,223.2,1.4,0,,,81,,
616,2020-03-01 15:00,6.5,272.8,1.4,0,,,76.6,,
616,2020-03-01 16:00,6.6,259,1.1,0,,,77.9,,
616,2020-03-01 17:00,5.6,237.2,1.3,0,,,77.3,,
616,2020-03-01 18:00,5.7,232.7,1,0,,,75.3,,
616,2020-03-01 19:00,4.4,232.4,1.5,0,,,78.1,,
616,2020-03-01 20:00,4.7,236.5,2.3,0,,,80.9,,
616,2020-03-01 21:00,5,246.8,2.1,0,,,77,,
616,2020-03-01 22:00,4.8,266.6,2,0,,,81.2,,
616,2020-03-01 23:00,4.8,235.3,1.2,0,,,77,,
616,2020-03-02 0:00,4.7,314.5,4.6,0,,,74,,
616,2020-03-02 1:00,3.9,318.6,2.4,0,,,77.2,,
616,2020-03-02 2:00,4,320.3,2.3,0,,,75.4,,
616,2020-03-02 3:00,3.5,260.3,1.4,0,,,74.1,,
616,2020-03-02 4:00,2.9,323.5,2.6,0,,,76.6,,
616,2020-03-02 5:00,2.3,322.4,2.4,0,,,70.5,,
616,2020-03-02 6:00,1.7,318.9,4.9,0,,,66.3,,
616,2020-03-02 7:00,1.4,321,4.7,0,,,65.5,,
616,2020-03-02 8:00,1.5,321.5,3.8,0,,,68.1,,
616,2020-03-02 9:00,2.4,317.5,5.2,0,,,63,,
616,2020-03-02 10:00,3.3,318.5,4.2,0,,,57.7,,
616,2020-03-02 11:00,3.6,313.3,4.2,0,,,57,,
616,2020-03-02 12:00,4.3,326.8,3.5,0,,,53.1,,
616,2020-03-02 13:00,4.7,315.8,3.5,0,,,55.1,,
616,2020-03-02 14:00,4.8,318,3.7,0,,,53,,
616,2020-03-02 15:00,4.7,314.6,4.7,0,,,50.8,,
616,2020-03-02 16:00,5.3,339,3.8,0,,,44,,
616,2020-03-02 17:00,4.7,327,3.1,0,,,48.7,,
616,2020-03-02 18:00,3.9,313.2,2.6,0,,,50.6,,
616,2020-03-02 19:00,2.2,213.7,0.5,0,,,63.2,,
616,2020-03-02 20:00,2.1,220.5,1.4,0,,,63.5,,
616,2020-03-02 21:00,1.9,204.4,0.8,0,,,67,,
616,2020-03-02 22:00,1.7,210.9,1,0,,,71.4,,
616,2020-03-02 23:00,0.9,221.5,0.8,0,,,78.8,,
616,2020-03-03 0:00,0.3,0,0.1,0,,,81.6,,
616,2020-03-03 1:00,0,0,0.4,0,,,84.2,,
616,2020-03-03 2:00,-0.6,0,0.2,0,,,89.4,,
616,2020-03-03 3:00,-0.5,0,0,0,,,90,,
616,2020-03-03 4:00,-0.7,0,0,0,,,91.2,,
616,2020-03-03 5:00,-1,0,0,0,,,93,,
616,2020-03-03 6:00,-0.4,0,0,0,,,92.1,,
616,2020-03-03 7:00,-0.4,0,0.4,0,,,92.5,,
616,2020-03-03 8:00,1.2,0,0.2,0,,,81.4,,
616,2020-03-03 9:00,2.8,99.3,1.1,0,,,76.3,,
616,2020-03-03 10:00,5.3,61.3,0.7,0,,,66.8,,
616,2020-03-03 11:00,8.3,124.2,1.6,0,,,47.9,,
616,2020-03-03 12:00,9.6,177.1,2.2,0,,,45,,
616,2020-03-03 13:00,10.4,233.9,3.3,0,,,49.1,,
616,2020-03-03 14:00,10.7,195,4.3,0,,,54.2,,
616,2020-03-03 15:00,9.9,192.4,3.1,0,,,56.5,,
616,2020-03-03 16:00,7.7,266.9,1.5,0,,,66.6,,
616,2020-03-03 17:00,6.7,321.8,2.8,0,,,69.9,,
616,2020-03-03 18:00,5.4,302.5,1.7,0,,,73.4,,
616,2020-03-03 19:00,4.3,342.1,1.5,0,,,75.7,,
616,2020-03-03 20:00,3.7,251.7,0.8,0,,,76.7,,
616,2020-03-03 21:00,3,211.4,1.4,0,,,80.7,,
616,2020-03-03 22:00,2.6,217.2,1.3,0,,,83.9,,
616,2020-03-03 23:00,2.3,192.2,1.2,0,,,84.6,,
616,2020-03-04 0:00,2.3,193.7,1.6,0,,,85,,
616,2020-03-04 1:00,2.7,193.5,1.9,0,,,82.8,,
616,2020-03-04 2:00,3,193.7,1.9,0,,,81.4,,
616,2020-03-04 3:00,3.2,207.5,1.5,0,,,80.5,,
616,2020-03-04 4:00,3.7,233.2,2.8,0,,,82.8,,
616,2020-03-04 5:00,3.5,287,1.9,0,,,72.7,,
616,2020-03-04 6:00,3.2,247.9,1,0,,,72.8,,
616,2020-03-04 7:00,2.7,316,1.9,0,,,71.7,,
616,2020-03-04 8:00,3.2,268,2.1,0,,,68.7,,
616,2020-03-04 9:00,4.3,313.7,2.1,0,,,64,,
616,2020-03-04 10:00,4.8,253.3,2.8,0,,,54.1,,
616,2020-03-04 11:00,4.4,312.5,4.7,0,,,42.2,,
616,2020-03-04 12:00,4,315.5,3.3,0,,,52.8,,
616,2020-03-04 13:00,3.8,261.4,4.2,0,,,55.3,,
616,2020-03-04 14:00,4.4,252.3,3.6,0,,,43.6,,
616,2020-03-04 15:00,2.8,319.7,4.7,0,,,55.6,,
616,2020-03-04 16:00,2.1,318.4,3.7,0,,,61.7,,
616,2020-03-04 17:00,1.1,316,6.6,0,,,60.7,,
616,2020-03-04 18:00,0.8,317.5,4.9,0,,,62.5,,
616,2020-03-04 19:00,0.8,320.9,6,0,,,60.6,,
616,2020-03-04 20:00,0.8,321,5.5,0,,,62.3,,
616,2020-03-04 21:00,0.5,319.4,6.4,0,,,55.6,,
616,2020-03-04 22:00,0.5,316,5.4,0,,,57.7,,
616,2020-03-04 23:00,0.6,316,4.6,0,,,58.6,,
616,2020-03-05 0:00,0.7,320.2,3.5,0,,,61.4,,
616,2020-03-05 1:00,0.5,318.1,4.2,0,,,62.2,,
616,2020-03-05 2:00,0.2,302.6,2,0,,,64.7,,
616,2020-03-05 3:00,0,317.6,4.3,0,,,62.9,,
616,2020-03-05 4:00,-0.2,317.5,3,0,,,66.1,,
616,2020-03-05 5:00,-0.7,316.8,4.2,0,,,60.1,,
616,2020-03-05 6:00,-0.9,319.2,3.8,0,,,62.5,,
616,2020-03-05 7:00,-1.4,313.8,1.4,0,,,67.1,,
616,2020-03-05 8:00,-1,322.6,1.5,0,,,68.7,,
616,2020-03-05 9:00,0.5,317,2.9,0,,,61.6,,
616,2020-03-05 10:00,2,338.7,3,0,,,50.6,,
616,2020-03-05 11:00,2.1,322.9,3.3,0,,,47.6,,
616,2020-03-05 12:00,3.9,316.3,2.5,0,,,42.6,,
616,2020-03-05 13:00,4.3,315.2,3.6,0,,,32.4,,
616,2020-03-05 14:00,5.3,326.3,3.9,0,,,37.9,,
616,2020-03-05 15:00,4.8,320.9,3.7,0,,,46.5,,
616,2020-03-05 16:00,4.4,310.5,2.8,0,,,46.6,,
616,2020-03-05 17:00,4,317.8,3.6,0,,,45.2,,
616,2020-03-05 18:00,2.9,312.1,2.1,0,,,49,,
616,2020-03-05 19:00,1.5,225.5,1.3,0,,,55.5,,
616,2020-03-05 20:00,0.7,200.6,1.4,0,,,57.8,,
616,2020-03-05 21:00,-0.3,195.7,1.8,0,,,62.3,,
616,2020-03-05 22:00,-0.6,214.1,2,0,,,65.5,,
616,2020-03-05 23:00,-0.7,200.1,2.3,0,,,65.3,,
616,2020-03-06 0:00,-1.1,196.3,2.3,0,,,66.3,,
616,2020-03-06 1:00,-1.2,199.2,2.5,0,,,66.7,,
616,2020-03-06 2:00,-1.2,197.2,2.5,0,,,67.4,,
616,2020-03-06 3:00,-2,203.9,1.9,0,,,71.6,,
616,2020-03-06 4:00,-3.4,130.3,0.8,0,,,81.4,,
616,2020-03-06 5:00,-3.5,164.9,1.2,0,,,84.4,,
616,2020-03-06 6:00,-4.4,0,0.3,0,,,87.1,,
616,2020-03-06 7:00,-4.4,157,0.6,0,,,89.4,,
616,2020-03-06 8:00,-2.4,168.3,0.9,0,,,82.9,,
616,2020-03-06 9:00,1,0,0.4,0,,,71.7,,
616,2020-03-06 10:00,3.4,335.6,1.2,0,,,58.3,,
616,2020-03-06 11:00,5,57.4,1.5,0,,,37.2,,
616,2020-03-06 12:00,6.9,353.6,0.7,0,,,36.5,,
616,2020-03-06 13:00,7.4,47.9,1.8,0,,,32.7,,
616,2020-03-06 14:00,8.4,20,1.9,0,,,39.3,,
616,2020-03-06 15:00,8.5,348,2.9,0,,,38.8,,
616,2020-03-06 16:00,8.5,7.7,2.4,0,,,40.3,,
616,2020-03-06 17:00,7.3,24.2,2.2,0,,,44.9,,
616,2020-03-06 18:00,5.4,319.6,2.3,0,,,50.3,,
616,2020-03-06 19:00,3.6,314.7,1.3,0,,,55.8,,
616,2020-03-06 20:00,2.6,0,0.4,0,,,67.7,,
616,2020-03-06 21:00,2.2,0,0.1,0,,,70.2,,
616,2020-03-06 22:00,1.4,204,0.5,0,,,72.8,,
616,2020-03-06 23:00,1.4,0,0.4,0,,,75.3,,
616,2020-03-07 0:00,0.7,0,0.4,0,,,77.1,,
616,2020-03-07 1:00,0.5,0,0.2,0,,,80.2,,
616,2020-03-07 2:00,0.1,0,0.1,0,,,83.7,,
616,2020-03-07 3:00,-0.4,0,0,0,,,83.4,,
616,2020-03-07 4:00,-0.8,0,0.4,0,,,80.7,,
616,2020-03-07 5:00,-0.9,0,0.2,0,,,79.4,,
616,2020-03-07 6:00,-0.5,0,0.1,0,,,79.6,,
616,2020-03-07 7:00,0,0,0.1,0,,,77.3,,
616,2020-03-07 8:00,0.6,0,0,0,,,81.7,,
616,2020-03-07 9:00,2.9,151.6,0.6,0,,,69.4,,
616,2020-03-07 10:00,6.1,72.2,1.2,0,,,47.3,,
616,2020-03-07 11:00,7.6,42,0.7,0,,,45.5,,
616,2020-03-07 12:00,8.6,77.2,1.3,0,,,43.5,,
616,2020-03-07 13:00,9.8,43,0.9,0,,,38.3,,
616,2020-03-07 14:00,11,4.6,1,0,,,35.9,,
616,2020-03-07 15:00,11.2,302.8,1.6,0,,,41.7,,
616,2020-03-07 16:00,11.1,325.4,2.2,0,,,38.3,,
616,2020-03-07 17:00,9.3,316.1,2.7,0,,,40.8,,
616,2020-03-07 18:00,7.7,321.8,1.7,0,,,47.6,,
616,2020-03-07 19:00,5.4,261.7,0.8,0,,,57.1,,
616,2020-03-07 20:00,3.7,278.7,0.9,0,,,63.3,,
616,2020-03-07 21:00,3.5,176.5,0.5,0,,,67.7,,
616,2020-03-07 22:00,2.2,0,0.3,0,,,73.9,,
616,2020-03-07 23:00,2.2,211,0.5,0,,,71.1,,
616,2020-03-08 0:00,1.4,0,0.1,0,,,74.6,,
616,2020-03-08 1:00,0.7,0,0.3,0,,,74.8,,
616,2020-03-08 2:00,0.4,0,0.1,0,,,76.1,,
616,2020-03-08 3:00,-0.3,0,0.3,0,,,80.7,,
616,2020-03-08 4:00,-0.3,0,0,0,,,82.9,,
616,2020-03-08 5:00,-0.4,0,0.3,0,,,84,,
616,2020-03-08 6:00,-0.9,0,0.3,0,,,86.6,,
616,2020-03-08 7:00,-0.7,0,0.4,0,,,89.3,,
616,2020-03-08 8:00,0.4,0,0.2,0,,,86.5,,
616,2020-03-08 9:00,4.3,0,0.3,0,,,71.6,,
616,2020-03-08 10:00,9.3,97.1,1.3,0,,,49.9,,
616,2020-03-08 11:00,11,59.1,1.4,0,,,44,,
616,2020-03-08 12:00,13.1,71.7,2,0,,,32.3,,
616,2020-03-08 13:00,14.5,93.5,1.9,0,,,30.7,,
616,2020-03-08 14:00,15.1,54.1,1.8,0,,,25.8,,
616,2020-03-08 15:00,15.5,329.6,3,0,,,29.4,,
616,2020-03-08 16:00,15.3,348.6,3,0,,,29.3,,
616,2020-03-08 17:00,12.1,313.6,3.5,0,,,34.4,,
616,2020-03-08 18:00,10.7,314.3,1.4,0,,,50,,
616,2020-03-08 19:00,7.9,304.6,0.6,0,,,64.8,,
616,2020-03-08 20:00,6.3,0,0.4,0,,,71.9,,
616,2020-03-08 21:00,5,220.4,0.6,0,,,76.1,,
616,2020-03-08 22:00,4.3,0,0.2,0,,,80.6,,
616,2020-03-08 23:00,3.9,0,0.1,0,,,79.1,,
616,2020-03-09 0:00,4.1,204.1,0.5,0,,,75.2,,
616,2020-03-09 1:00,4.8,197.3,1,0,,,69.8,,
616,2020-03-09 2:00,3.7,0,0.3,0,,,74.2,,
616,2020-03-09 3:00,3.1,0,0.3,0,,,74.8,,
616,2020-03-09 4:00,2.5,0,0.4,0,,,75.9,,
616,2020-03-09 5:00,1.8,0,0,0,,,76.8,,
616,2020-03-09 6:00,1.1,0,0.1,0,,,81.5,,
616,2020-03-09 7:00,0.9,0,0,0,,,81.7,,
616,2020-03-09 8:00,1.9,0,0.1,0,,,79.2,,
616,2020-03-09 9:00,5.8,108.5,0.6,0,,,66.3,,
616,2020-03-09 10:00,9.6,118.1,1.1,0,,,52.5,,
616,2020-03-09 11:00,12.3,65.5,2,0,,,45.1,,
616,2020-03-09 12:00,14.3,66.6,2.2,0,,,33.8,,
616,2020-03-09 13:00,14.1,346.3,3,0,,,40.5,,
616,2020-03-09 14:00,13.9,358.6,3,0,,,38.1,,
616,2020-03-09 15:00,14.3,13.7,2.6,0,,,32.7,,
616,2020-03-09 16:00,13.7,322,2.4,0,,,34.9,,
616,2020-03-09 17:00,10.8,358.5,3.2,0,,,43.9,,
616,2020-03-09 18:00,9.5,342.3,3.3,0,,,48.3,,
616,2020-03-09 19:00,9.3,334.6,1.9,0,,,50.5,,
616,2020-03-09 20:00,9,187.8,0.9,0,,,52.5,,
616,2020-03-09 21:00,8.6,326.9,1.5,0,,,50.9,,
616,2020-03-09 22:00,6.8,347.3,1.9,0,,,69.8,,
616,2020-03-09 23:00,5.6,265.2,0.7,0.5,,,88.7,,
616,2020-03-10 0:00,5.5,0,0.2,1,,,93.9,,
616,2020-03-10 1:00,5.6,0,0.4,1.5,,,96.1,,
616,2020-03-10 2:00,5.6,0,0.4,0.5,,,95.8,,
616,2020-03-10 3:00,6,324.6,2.1,0,,,93.3,,
616,2020-03-10 4:00,6.1,330.3,1.7,0.5,,,93,,
616,2020-03-10 5:00,5.8,327.5,2.8,0,,,93.4,,
616,2020-03-10 6:00,5.8,325,2.4,0,,,93.9,,
616,2020-03-10 7:00,5.7,320.4,3.8,0.5,,,93.8,,
616,2020-03-10 8:00,5.7,319.7,3,0.5,,,95.4,,
616,2020-03-10 9:00,6,321,4.6,0.5,,,95.9,,
616,2020-03-10 10:00,6.1,319.7,4.1,0.5,,,96.1,,
616,2020-03-10 11:00,6.2,321.9,3.9,0.5,,,95.6,,
616,2020-03-10 12:00,6.1,319.1,4.9,0.5,,,95.4,,
616,2020-03-10 13:00,6.6,318,4,0,,,90.8,,
616,2020-03-10 14:00,6.7,252,2.3,0,,,89,,
616,2020-03-10 15:00,7,235.1,1.8,0,,,87,,
616,2020-03-10 16:00,7,302.2,2.8,0,,,84.3,,
616,2020-03-10 17:00,5.9,308.1,3.1,0,,,80.7,,
616,2020-03-10 18:00,5.8,305.8,2.6,0,,,70.5,,
616,2020-03-10 19:00,5,300.6,2.3,0,,,65.6,,
616,2020-03-10 20:00,4.9,329,2.8,0,,,64.2,,
616,2020-03-10 21:00,4.7,313.2,3.1,0,,,60.1,,
616,2020-03-10 22:00,4.7,314.5,3.6,0,,,55.7,,
616,2020-03-10 23:00,4.3,310.5,3.1,0,,,54.7,,
616,2020-03-11 0:00,4,318.9,2.7,0,,,52.7,,
616,2020-03-11 1:00,3.6,317,3.8,0,,,55.7,,
616,2020-03-11 2:00,3.1,315.9,4.1,0,,,53.8,,
616,2020-03-11 3:00,2.7,314.9,4.6,0,,,54.1,,
616,2020-03-11 4:00,2,317.8,2,0,,,56.8,,
616,2020-03-11 5:00,2,319.8,4,0,,,49.3,,
616,2020-03-11 6:00,1.3,323.7,1.8,0,,,54.7,,
616,2020-03-11 7:00,1.7,322.2,2.7,0,,,50.9,,
616,2020-03-11 8:00,2.3,323.9,2.7,0,,,49,,
616,2020-03-11 9:00,3.3,317.4,5.1,0,,,44.3,,
616,2020-03-11 10:00,4,320.4,5.4,0,,,42,,
616,2020-03-11 11:00,5,319.7,4.4,0,,,43.8,,
616,2020-03-11 12:00,5.8,312.2,4,0,,,42.5,,
616,2020-03-11 13:00,6.1,313.4,4.6,0,,,39.5,,
616,2020-03-11 14:00,7.1,315.6,3.9,0,,,39.8,,
616,2020-03-11 15:00,6.9,318.7,5.3,0,,,38.6,,
616,2020-03-11 16:00,7.1,249.6,2.9,0,,,39,,
616,2020-03-11 17:00,6.6,273.3,2.3,0,,,44.2,,
616,2020-03-11 18:00,5.3,281.8,2,0,,,46.1,,
616,2020-03-11 19:00,4.3,232.4,1.4,0,,,46.6,,
616,2020-03-11 20:00,2.9,197.1,1.7,0,,,55.9,,
616,2020-03-11 21:00,2.7,207.4,2.4,0,,,53.1,,
616,2020-03-11 22:00,2.3,200.7,2.3,0,,,57.8,,
616,2020-03-11 23:00,2,193,1.8,0,,,64,,
616,2020-03-12 0:00,1.6,189,1.3,0,,,69.3,,
616,2020-03-12 1:00,1.9,181.1,1.5,0,,,70.3,,
616,2020-03-12 2:00,0.6,173.5,1.1,0,,,78.7,,
616,2020-03-12 3:00,0.1,156.3,0.5,0,,,82.6,,
616,2020-03-12 4:00,-0.3,161.9,0.7,0,,,84.1,,
616,2020-03-12 5:00,-0.5,165.1,0.6,0,,,85.5,,
616,2020-03-12 6:00,-0.8,166.6,0.5,0,,,86.7,,
616,2020-03-12 7:00,-1.1,0,0.2,0,,,87.7,,
616,2020-03-12 8:00,0.5,0,0.3,0,,,81.8,,
616,2020-03-12 9:00,4.6,113.4,0.7,0,,,67.2,,
616,2020-03-12 10:00,7.4,124.3,1,0,,,57.5,,
616,2020-03-12 11:00,9.4,187.8,3.6,0,,,44.4,,
616,2020-03-12 12:00,11.1,189,3.3,0,,,26.8,,
616,2020-03-12 13:00,12.1,195.1,3.3,0,,,23.9,,
616,2020-03-12 14:00,12.2,197,3.9,0,,,21.8,,
616,2020-03-12 15:00,12,198.1,4.2,0,,,22.3,,
616,2020-03-12 16:00,11.5,218.1,3.2,0,,,23.9,,
616,2020-03-12 17:00,9.8,188.8,3.8,0,,,40.5,,
616,2020-03-12 18:00,8.7,186.4,3.1,0,,,58.2,,
616,2020-03-12 19:00,7.5,214.9,1.6,0,,,65.8,,
616,2020-03-12 20:00,6.7,198.4,1.3,0,,,70.1,,
616,2020-03-12 21:00,5.7,159.3,1.2,0,,,74.9,,
616,2020-03-12 22:00,5.3,162.7,1.6,0,,,79.1,,
616,2020-03-12 23:00,5.9,193,1.8,0,,,78.5,,
616,2020-03-13 0:00,5.9,181.1,2.3,0,,,79.6,,
616,2020-03-13 1:00,6.6,202.4,1,0,,,78.1,,
616,2020-03-13 2:00,6.5,188.4,1.5,0,,,79.4,,
616,2020-03-13 3:00,6.3,198.4,1.8,0,,,82.7,,
616,2020-03-13 4:00,6.7,232.7,1.7,0,,,85.3,,
616,2020-03-13 5:00,4.8,314.7,1.2,0,,,90.4,,
616,2020-03-13 6:00,5,332.2,2.1,0,,,67.9,,
616,2020-03-13 7:00,4.5,346,2,0,,,63.6,,
616,2020-03-13 8:00,4.8,323.7,2.3,0,,,66.4,,
616,2020-03-13 9:00,5.2,319.1,3.8,0,,,67.8,,
616,2020-03-13 10:00,5.4,317.6,3.3,0,,,49.5,,
616,2020-03-13 11:00,5.3,316.2,3.9,0,,,33.9,,
616,2020-03-13 12:00,5.7,314.2,3.2,0,,,34.2,,
616,2020-03-13 13:00,6.8,317.8,3.8,0,,,29.6,,
616,2020-03-13 14:00,5.1,316.3,4.4,0,,,36.7,,
616,2020-03-13 15:00,5,314.3,3.4,0,,,33.5,,
616,2020-03-13 16:00,5.3,312.9,4.7,0,,,28.8,,
616,2020-03-13 17:00,5,318.8,4.4,0,,,36,,
616,2020-03-13 18:00,3.3,319.6,3.5,0,,,39.1,,
616,2020-03-13 19:00,2.5,321.5,2.9,0,,,44.7,,
616,2020-03-13 20:00,1.4,188,1,0,,,50.1,,
616,2020-03-13 21:00,1.4,221.2,0.7,0,,,51.1,,
616,2020-03-13 22:00,1.1,319.9,1.2,0,,,55.7,,
616,2020-03-13 23:00,1.5,325.4,2.7,0,,,54.8,,
616,2020-03-14 0:00,1,318.8,4,0,,,53,,
616,2020-03-14 1:00,0.4,319.9,4.2,0,,,51.8,,
616,2020-03-14 2:00,-0.1,337.4,1.8,0,,,55.4,,
616,2020-03-14 3:00,0.2,323,2.7,0,,,54.2,,
616,2020-03-14 4:00,-1.3,295.9,0.9,0,,,64.8,,
616,2020-03-14 5:00,-1.3,227.6,2.1,0,,,61.6,,
616,2020-03-14 6:00,-1.9,215.2,1.1,0,,,64.6,,
616,2020-03-14 7:00,-1.9,190.9,1.4,0,,,63.9,,
616,2020-03-14 8:00,-0.4,186.1,2.3,0,,,57.9,,
616,2020-03-14 9:00,2.5,212,1.9,0,,,53.2,,
616,2020-03-14 10:00,5.3,225.6,1.8,0,,,45.9,,
616,2020-03-14 11:00,7,240.6,2.5,0,,,32.8,,
616,2020-03-14 12:00,8.4,243.2,2.7,0,,,30.1,,
616,2020-03-14 13:00,8.9,263.2,2.9,0,,,28.6,,
616,2020-03-14 14:00,10,255.7,2.1,0,,,36,,
616,2020-03-14 15:00,9.4,216.2,2.5,0,,,38.4,,
616,2020-03-14 16:00,9.3,225.8,3.3,0,,,46.2,,
616,2020-03-14 17:00,8.9,224.4,3.6,0,,,46.5,,
616,2020-03-14 18:00,7.6,230.8,3.2,0,,,55.3,,
616,2020-03-14 19:00,7,245.1,2.5,0,,,64.5,,
616,2020-03-14 20:00,6.5,236.7,2.3,0,,,71.1,,
616,2020-03-14 21:00,5.7,238.9,2.1,0,,,75.2,,
616,2020-03-14 22:00,5,228.6,2.4,0,,,78.7,,
616,2020-03-14 23:00,4.3,226,1.3,0,,,84.4,,
616,2020-03-15 0:00,3.9,228.4,2,0,,,84.8,,
616,2020-03-15 1:00,3.7,224.7,1.9,0,,,83.5,,
616,2020-03-15 2:00,3.6,224,2.2,0,,,82.4,,
616,2020-03-15 3:00,3.1,207.3,2,0,,,84.1,,
616,2020-03-15 4:00,3.2,208.1,2.3,0,,,81.2,,
616,2020-03-15 5:00,2.6,195.7,2.3,0,,,82.2,,
616,2020-03-15 6:00,3.2,208.2,1.9,0,,,78.1,,
616,2020-03-15 7:00,2.2,191.1,1.7,0,,,82.2,,
616,2020-03-15 8:00,4.1,208.2,1.5,0,,,73.7,,
616,2020-03-15 9:00,6.1,229.3,2.1,0,,,69,,
616,2020-03-15 10:00,7.7,267.1,2.6,0,,,66,,
616,2020-03-15 11:00,8.2,315.2,4.6,0,,,41.8,,
616,2020-03-15 12:00,8.3,318.1,6.2,0,,,25.8,,
616,2020-03-15 13:00,8.7,288.1,4.9,0,,,27.3,,
616,2020-03-15 14:00,7.1,325.3,6.5,0,,,28.9,,
616,2020-03-15 15:00,6.9,315,7.8,0,,,28,,
616,2020-03-15 16:00,5.9,322.7,7.5,0,,,29.2,,
616,2020-03-15 17:00,5.3,321.5,7.7,0,,,36.7,,
616,2020-03-15 18:00,3.8,312,5.3,0,,,41.7,,
616,2020-03-15 19:00,2.8,323.5,5.5,0,,,46.1,,
616,2020-03-15 20:00,2.4,321.2,5.2,0,,,38.4,,
616,2020-03-15 21:00,2.3,320.1,6,0,,,44.5,,
616,2020-03-15 22:00,2,327,5.3,0,,,50,,
616,2020-03-15 23:00,1.6,326.5,3.3,0,,,52.3,,
616,2020-03-16 0:00,1.1,324.7,3.4,0,,,55.2,,
616,2020-03-16 1:00,0.8,319.2,3.9,0,,,56.9,,
616,2020-03-16 2:00,0,304.5,1.1,0,,,63.2,,
616,2020-03-16 3:00,-1.2,0,0.4,0,,,71.1,,
616,2020-03-16 4:00,-0.5,332.4,1.2,0,,,68.6,,
616,2020-03-16 5:00,-1.6,310.6,1,0,,,72.1,,
616,2020-03-16 6:00,-2,0,0.3,0,,,73.9,,
616,2020-03-16 7:00,-2.5,0,0.4,0,,,74,,
616,2020-03-16 8:00,-0.2,0,0.4,0,,,67.8,,
616,2020-03-16 9:00,2.1,357.2,1.1,0,,,51.9,,
616,2020-03-16 10:00,4.2,305.9,0.8,0,,,40.9,,
616,2020-03-16 11:00,7,182.1,1.5,0,,,34.5,,
616,2020-03-16 12:00,7.2,254.8,2.4,0,,,27.2,,
616,2020-03-16 13:00,9.1,218.4,1.6,0,,,26.6,,
616,2020-03-16 14:00,9.6,194.1,2.1,0,,,28.1,,
616,2020-03-16 15:00,9.4,195.2,3.3,0,,,26.8,,
616,2020-03-16 16:00,8.5,206.3,2.9,0,,,29.3,,
616,2020-03-16 17:00,6.8,210.4,2.5,0,,,39.9,,
616,2020-03-16 18:00,5.3,222.9,2.5,0,,,47.4,,
616,2020-03-16 19:00,3.9,233.2,1.5,0,,,57.3,,
616,2020-03-16 20:00,3,205.3,1.4,0,,,66.7,,
616,2020-03-16 21:00,2.4,202.3,1.6,0,,,72.9,,
616,2020-03-16 22:00,2,181.5,1.2,0,,,75.8,,
616,2020-03-16 23:00,1.5,241.6,0.7,0,,,80.7,,
616,2020-03-17 0:00,1.2,0,0.4,0,,,80.8,,
616,2020-03-17 1:00,1,0,0.3,0,,,84.2,,
616,2020-03-17 2:00,1.3,0,0,0,,,84.6,,
616,2020-03-17 3:00,1.4,0,0.4,0,,,89.1,,
616,2020-03-17 4:00,2.8,178.9,0.5,0,,,88.4,,
616,2020-03-17 5:00,4.1,174.6,1.6,0,,,87,,
616,2020-03-17 6:00,4.8,191.8,2.7,0,,,87.8,,
616,2020-03-17 7:00,5.4,197.6,2.7,0,,,87.5,,
616,2020-03-17 8:00,5.6,193.1,3.4,0,,,86.3,,
616,2020-03-17 9:00,6.4,189.1,3.8,0,,,85,,
616,2020-03-17 10:00,7,193.8,2.7,0,,,83.6,,
616,2020-03-17 11:00,7.3,194.2,2.3,0,,,84.6,,
616,2020-03-17 12:00,9.4,208,2.5,0,,,79.3,,
616,2020-03-17 13:00,9.9,216.5,2.7,0,,,79.9,,
616,2020-03-17 14:00,11.2,194.8,2.2,0,,,72.4,,
616,2020-03-17 15:00,12.3,193.2,4.1,0,,,66.9,,
616,2020-03-17 16:00,12.8,293.8,2.4,0,,,63.5,,
616,2020-03-17 17:00,12.6,226.5,2.7,0,,,54.7,,
616,2020-03-17 18:00,11.1,230.3,2.1,0,,,59.5,,
616,2020-03-17 19:00,8.7,202,1.9,0,,,73.9,,
616,2020-03-17 20:00,7.2,215,3.5,0,,,82.7,,
616,2020-03-17 21:00,5.9,204.5,3.2,0,,,91.9,,
616,2020-03-17 22:00,5.1,184.9,2,0,,,95.1,,
616,2020-03-17 23:00,5.1,194.1,2.7,0,,,96.3,,
616,2020-03-18 0:00,4.9,191.1,3,0,,,96.8,,
616,2020-03-18 1:00,4.4,204.3,3.1,0,,,98.2,,
616,2020-03-18 2:00,3.9,192.8,2.9,0,,,98.9,,
616,2020-03-18 3:00,3.3,201.2,3,0,,,98.9,,
616,2020-03-18 4:00,2.7,200,3.8,0,,,98.9,,
616,2020-03-18 5:00,2.3,189.8,3.5,0,,,98.9,,
616,2020-03-18 6:00,2.5,193.2,2.9,0,,,98.9,,
616,2020-03-18 7:00,2.3,179.7,2.2,0,,,98.9,,
616,2020-03-18 8:00,2.2,177.1,2,0,,,98.9,,
616,2020-03-18 9:00,3.6,198.9,2.2,0,,,98.9,,
616,2020-03-18 10:00,7,183.3,2,0,,,79.6,,
616,2020-03-18 11:00,10.9,173.9,2.2,0,,,59.1,,
616,2020-03-18 12:00,13.8,190.9,3.5,0,,,39.8,,
616,2020-03-18 13:00,15.2,226.2,3.1,0,,,23.6,,
616,2020-03-18 14:00,16.2,222.3,3.1,0,,,21.8,,
616,2020-03-18 15:00,16.6,198.8,3,0,,,18.2,,
616,2020-03-18 16:00,16.4,189.9,2.8,0,,,20.1,,
616,2020-03-18 17:00,15.6,190.9,3.4,0,,,19.5,,
616,2020-03-18 18:00,13.7,198.7,2.9,0,,,22.6,,
616,2020-03-18 19:00,12,187.7,2.3,0,,,26.3,,
616,2020-03-18 20:00,10.6,180.2,1.5,0,,,31,,
616,2020-03-18 21:00,11,179.7,2.4,0,,,29.6,,
616,2020-03-18 22:00,10.7,193.2,2.1,0,,,36.6,,
616,2020-03-18 23:00,11.2,194.2,2.4,0,,,47.7,,
616,2020-03-19 0:00,11.5,180.4,3,0,,,61.3,,
616,2020-03-19 1:00,10.8,182.7,4.4,0,,,83.7,,
616,2020-03-19 2:00,10.6,185.8,4,0,,,85.5,,
616,2020-03-19 3:00,11.1,185.7,4.9,0,,,79.6,,
616,2020-03-19 4:00,11,199.5,5.2,0,,,80.9,,
616,2020-03-19 5:00,11.6,195.1,6.6,0,,,76.5,,
616,2020-03-19 6:00,11.7,195.6,5.9,0,,,73.7,,
616,2020-03-19 7:00,11.3,199.4,5.6,0,,,75.4,,
616,2020-03-19 8:00,11,201.6,4.6,0,,,79.4,,
616,2020-03-19 9:00,8.1,230.9,4.5,0,,,82.6,,
616,2020-03-19 10:00,8.8,253.2,3.8,0,,,61.2,,
616,2020-03-19 11:00,9.4,264.5,3.9,0,,,58.4,,
616,2020-03-19 12:00,8,250.8,4.9,0,,,60.6,,
616,2020-03-19 13:00,8.5,314.4,5.1,0,,,42.9,,
616,2020-03-19 14:00,9.6,277.5,4.6,0,,,47.6,,
616,2020-03-19 15:00,9.3,254.1,4.5,0,,,41.6,,
616,2020-03-19 16:00,8.6,262.3,5.1,0,,,49.6,,
616,2020-03-19 17:00,8.2,262.6,4,0,,,48.4,,
616,2020-03-19 18:00,7.3,251.4,4,0,,,52.5,,
616,2020-03-19 19:00,6.4,245.2,3,0,,,57.5,,
616,2020-03-19 20:00,6.3,244.8,2.8,0,,,56.5,,
616,2020-03-19 21:00,6.4,230.7,2.5,0,,,59.3,,
616,2020-03-19 22:00,6.4,266.2,2.6,0,,,60.7,,
616,2020-03-19 23:00,6.3,244,1.8,0,,,60.2,,
616,2020-03-20 0:00,6.4,295.5,2.4,0,,,59.4,,
616,2020-03-20 1:00,6.2,307.6,2,0,,,59.1,,
616,2020-03-20 2:00,5.8,231.2,1.7,0,,,62.9,,
616,2020-03-20 3:00,5.3,216,2.4,0,,,69.7,,
616,2020-03-20 4:00,4.8,216.5,2.3,0,,,76.8,,
616,2020-03-20 5:00,4.3,210.4,2.2,0,,,76.4,,
616,2020-03-20 6:00,3.3,185.9,2.3,0,,,81,,
616,2020-03-20 7:00,3.5,190.8,2.7,0,,,81.6,,
616,2020-03-20 8:00,5.4,182.5,1.8,0,,,74,,
616,2020-03-20 9:00,8.5,223.5,2.3,0,,,56.1,,
616,2020-03-20 10:00,10.6,236,2.6,0,,,38.3,,
616,2020-03-20 11:00,12.2,230.7,2.5,0,,,23.6,,
616,2020-03-20 12:00,13.9,208.8,3.2,0,,,27.8,,
616,2020-03-20 13:00,13.2,232.5,4,0,,,24.2,,
616,2020-03-20 14:00,14.2,211.7,3,0,,,19.6,,
616,2020-03-20 15:00,13.4,230.7,3.8,0,,,27,,
616,2020-03-20 16:00,13.2,202.9,3.4,0,,,27,,
616,2020-03-20 17:00,11.6,189.4,3.6,0,,,29.3,,
616,2020-03-20 18:00,10.2,186,3.6,0,,,38.7,,
616,2020-03-20 19:00,8.7,187,2.5,0,,,45.9,,
616,2020-03-20 20:00,8.1,183.1,2.6,0,,,58.2,,
616,2020-03-20 21:00,7.9,185.7,2.6,0,,,60.9,,
616,2020-03-20 22:00,7.9,163.7,1.7,0,,,62.3,,
616,2020-03-20 23:00,7.8,181.4,2.4,0,,,68.1,,
616,2020-03-21 0:00,8,183,1.9,0,,,62.2,,
616,2020-03-21 1:00,8.2,189.4,2.6,0,,,65.5,,
616,2020-03-21 2:00,8.6,193.9,3.8,0,,,66.2,,
616,2020-03-21 3:00,8.9,188.8,3.9,0,,,66.7,,
616,2020-03-21 4:00,8.6,212,2.6,0,,,68.3,,
616,2020-03-21 5:00,8.6,195.4,2.6,0,,,69.3,,
616,2020-03-21 6:00,8.3,187,2.1,0,,,71.7,,
616,2020-03-21 7:00,7.7,175.7,1.4,0,,,76,,
616,2020-03-21 8:00,9.7,172,1.7,0,,,70.9,,
616,2020-03-21 9:00,11.8,190.8,2.5,0,,,70.4,,
616,2020-03-21 10:00,13.9,191.6,3,0,,,64.9,,
616,2020-03-21 11:00,15,181,3.6,0,,,61.6,,
616,2020-03-21 12:00,15.6,190.9,4.6,0,,,61.2,,
616,2020-03-21 13:00,17.1,213.3,2.8,0,,,57.4,,
616,2020-03-21 14:00,17.7,194.7,2.4,0,,,55.8,,
616,2020-03-21 15:00,16.3,194.4,3.9,0,,,60.4,,
616,2020-03-21 16:00,16.9,190.5,3.3,0,,,59.4,,
616,2020-03-21 17:00,14.6,198.9,3.5,0,,,68.2,,
616,2020-03-21 18:00,13.7,215.1,2.7,0,,,73.4,,
616,2020-03-21 19:00,12.4,216.1,2.2,0,,,79.7,,
616,2020-03-21 20:00,11.9,246.7,1.3,0,,,81.6,,
616,2020-03-21 21:00,11.8,192,1.2,0,,,82.9,,
616,2020-03-21 22:00,11.5,229.8,1.5,0,,,85.1,,
616,2020-03-21 23:00,11.1,245.7,1.8,0,,,87,,
616,2020-03-22 0:00,10.6,240,1.2,0,,,89.2,,
616,2020-03-22 1:00,9.9,266.9,1.5,0,,,93,,
616,2020-03-22 2:00,8.7,317.8,2.5,0,,,96.7,,
616,2020-03-22 3:00,8.1,323.1,2.5,0,,,98,,
616,2020-03-22 4:00,7.1,334.5,1.3,0,,,96.2,,
616,2020-03-22 5:00,5.5,0,0.2,0,,,97.1,,
616,2020-03-22 6:00,5.4,302.7,1,0,,,90.3,,
616,2020-03-22 7:00,5,313.1,1,0,,,79.5,,
616,2020-03-22 8:00,6.6,321.8,2.3,0,,,66.3,,
616,2020-03-22 9:00,8.7,0,4.1,0,,,53.1,,
616,2020-03-22 10:00,10.1,357.7,3.4,0,,,45.4,,
616,2020-03-22 11:00,11.8,312.9,2.4,0,,,40.3,,
616,2020-03-22 12:00,12.8,346.8,4.5,0,,,35.5,,
616,2020-03-22 13:00,13.9,334.4,4.2,0,,,31.4,,
616,2020-03-22 14:00,13.2,312.4,5.5,0,,,27.2,,
616,2020-03-22 15:00,13.7,319.9,5.8,0,,,25.1,,
616,2020-03-22 16:00,13.2,317.3,6,0,,,21.6,,
616,2020-03-22 17:00,13,316.1,3,0,,,28.1,,
616,2020-03-22 18:00,11.7,302.9,2.8,0,,,29.6,,
616,2020-03-22 19:00,9.2,237.9,1.7,0,,,43.9,,
616,2020-03-22 20:00,7.9,204.4,1.4,0,,,45.9,,
616,2020-03-22 21:00,7.7,312.9,2,0,,,47.1,,
616,2020-03-22 22:00,7.2,205.8,0.5,0,,,48.1,,
616,2020-03-22 23:00,7.4,307.8,1.5,0,,,42.1,,
616,2020-03-23 0:00,5.2,222.6,0.5,0,,,55.8,,
616,2020-03-23 1:00,5.4,313.2,0.5,0,,,53.4,,
616,2020-03-23 2:00,4.5,232.2,0.7,0,,,57.8,,
616,2020-03-23 3:00,4.5,224.3,1.4,0,,,56.9,,
616,2020-03-23 4:00,3.7,201.4,2.3,0,,,55.1,,
616,2020-03-23 5:00,4.3,191.9,3.6,0,,,50.1,,
616,2020-03-23 6:00,3.8,216.2,2.9,0,,,59,,
616,2020-03-23 7:00,3.4,180.2,2.4,0,,,67.2,,
616,2020-03-23 8:00,5.9,177.5,2.1,0,,,65,,
616,2020-03-23 9:00,9.4,233.9,1.7,0,,,49.5,,
616,2020-03-23 10:00,11.9,217.5,2.8,0,,,38.5,,
616,2020-03-23 11:00,13.2,297.1,3.3,0,,,41.2,,
616,2020-03-23 12:00,13.3,323.3,3.5,0,,,44.8,,
616,2020-03-23 13:00,14.7,228.5,2.7,0,,,42.3,,
616,2020-03-23 14:00,15.4,277,2.5,0,,,35.3,,
616,2020-03-23 15:00,16.6,305.8,3.1,0,,,32,,
616,2020-03-23 16:00,14.7,318.5,3.4,0,,,37.7,,
616,2020-03-23 17:00,14.3,243.1,2,0,,,41.4,,
616,2020-03-23 18:00,11.8,280.1,1.9,0,,,52.8,,
616,2020-03-23 19:00,9.4,212.5,2.6,0,,,60.9,,
616,2020-03-23 20:00,8.5,195.9,1.4,0,,,63.2,,
616,2020-03-23 21:00,7.4,181.7,1.3,0,,,63.3,,
616,2020-03-23 22:00,7.4,222.1,2.6,0,,,66.4,,
616,2020-03-23 23:00,6.9,236.8,2.7,0,,,69.5,,
616,2020-03-24 0:00,5.9,209.3,1.2,0,,,76,,
616,2020-03-24 1:00,5.9,227.8,1.5,0,,,76.3,,
616,2020-03-24 2:00,5.3,205.4,1.6,0,,,77.3,,
616,2020-03-24 3:00,4.4,232.6,1,0,,,83.3,,
616,2020-03-24 4:00,4,290.9,0.5,0,,,84.4,,
616,2020-03-24 5:00,3.7,0,0.1,0,,,86.1,,
616,2020-03-24 6:00,3,0,0,0,,,89.4,,
616,2020-03-24 7:00,2.5,0,0.3,0,,,91.4,,
616,2020-03-24 8:00,5.5,0,0.1,0,,,83.8,,
616,2020-03-24 9:00,8.5,213,0.8,0,,,62.9,,
616,2020-03-24 10:00,11.9,57.2,1.4,0,,,52.3,,
616,2020-03-24 11:00,13.8,65.2,1.5,0,,,43.3,,
616,2020-03-24 12:00,15.3,36.5,0.7,0,,,32.9,,
616,2020-03-24 13:00,16.2,57.9,2.5,0,,,28.2,,
616,2020-03-24 14:00,17.1,1.9,2.9,0,,,34.3,,
616,2020-03-24 15:00,16.3,316.5,3.4,0,,,32.5,,
616,2020-03-24 16:00,15.9,327.9,3.7,0,,,30.8,,
616,2020-03-24 17:00,14.9,313.3,2.9,0,,,29.1,,
616,2020-03-24 18:00,13.5,277.6,1.5,0,,,24.6,,
616,2020-03-24 19:00,10.3,235.7,0.7,0,,,38,,
616,2020-03-24 20:00,8.6,278.8,0.8,0,,,47.4,,
616,2020-03-24 21:00,7.7,225,0.6,0,,,54.8,,
616,2020-03-24 22:00,6.7,0,0.4,0,,,60.4,,
616,2020-03-24 23:00,5.8,0,0.2,0,,,62.2,,
616,2020-03-25 0:00,4.6,0,0.3,0,,,64.5,,
616,2020-03-25 1:00,3.7,0,0.3,0,,,67.1,,
616,2020-03-25 2:00,5.1,189.5,0.8,0,,,57.2,,
616,2020-03-25 3:00,5.2,170.3,0.7,0,,,56.5,,
616,2020-03-25 4:00,4.1,0,0.4,0,,,59.7,,
616,2020-03-25 5:00,3.7,163,1.1,0,,,59.3,,
616,2020-03-25 6:00,3.8,196.9,1.1,0,,,59.9,,
616,2020-03-25 7:00,2.9,0,0.3,0,,,69.5,,
616,2020-03-25 8:00,6.2,0,0.1,0,,,58.7,,
616,2020-03-25 9:00,11.1,140.5,0.7,0,,,48.5,,
616,2020-03-25 10:00,14,175.7,1.9,0,,,39,,
616,2020-03-25 11:00,16.1,222.8,3,0,,,35.8,,
616,2020-03-25 12:00,17.3,236,2.6,0,,,32.1,,
616,2020-03-25 13:00,17.8,246.1,2.1,0,,,32.2,,
616,2020-03-25 14:00,19,233.2,1.8,0,,,29.6,,
616,2020-03-25 15:00,16.9,25.1,3.3,0,,,36.7,,
616,2020-03-25 16:00,16.5,355,3.6,0,,,40.6,,
616,2020-03-25 17:00,15.2,324.9,3.2,0,,,49.9,,
616,2020-03-25 18:00,13.4,352.8,3.1,0,,,54.2,,
616,2020-03-25 19:00,12.1,8.8,1.8,0,,,63,,
616,2020-03-25 20:00,11.6,344.8,1.2,0,,,67.9,,
616,2020-03-25 21:00,10.3,0,0.4,0,,,76.6,,
616,2020-03-25 22:00,9.5,0,0.2,0,,,78.5,,
616,2020-03-25 23:00,8.9,140,1.2,0,,,79.4,,
616,2020-03-26 0:00,8.9,0,0.4,0,,,77.9,,
616,2020-03-26 1:00,8.5,0,0.4,0,,,78.3,,
616,2020-03-26 2:00,8.5,0,0.3,0,,,75.6,,
616,2020-03-26 3:00,8.2,168.4,0.5,0,,,74.7,,
616,2020-03-26 4:00,8,0,0,0,,,74,,
616,2020-03-26 5:00,7.6,0,0.4,0,,,74,,
616,2020-03-26 6:00,7.2,0,0.2,0,,,76.3,,
616,2020-03-26 7:00,8.6,0,0.4,0,,,72.1,,
616,2020-03-26 8:00,10.6,0,0.2,0,,,63.9,,
616,2020-03-26 9:00,13.3,164.2,0.5,0,,,54.2,,
616,2020-03-26 10:00,16.8,119.6,2.1,0,,,46.6,,
616,2020-03-26 11:00,17.7,161.3,2.2,0,,,48.6,,
616,2020-03-26 12:00,17.9,121.4,2.6,0,,,49.3,,
616,2020-03-26 13:00,18.5,147.6,1.4,0,,,49.9,,
616,2020-03-26 14:00,18,140.3,0.7,0,,,53.6,,
616,2020-03-26 15:00,17.6,155.5,1.9,0,,,58.1,,
616,2020-03-26 16:00,16.4,152.5,1.1,0,,,71.2,,
616,2020-03-26 17:00,14.6,125,1.7,0,,,91.3,,
616,2020-03-26 18:00,14,117.3,1.4,0,,,96.4,,
616,2020-03-26 19:00,13.3,96.4,1,0,,,97.4,,
616,2020-03-26 20:00,13.3,100.2,0.8,0.5,,,98.1,,
616,2020-03-26 21:00,13.5,0,0.2,0,,,95.9,,
616,2020-03-26 22:00,13.3,97.6,0.6,0.5,,,95.3,,
616,2020-03-26 23:00,13.4,0,0.1,0,,,97,,
616,2020-03-27 0:00,12.8,347.6,0.6,2.5,,,98.9,,
616,2020-03-27 1:00,12.9,0,0,3,,,98.9,,
616,2020-03-27 2:00,12.7,0,0,1.5,,,98.9,,
616,2020-03-27 3:00,12.8,324.2,1.3,1,,,98.9,,
616,2020-03-27 4:00,11.5,308.9,1.3,1,,,98.9,,
616,2020-03-27 5:00,10.8,301.6,1,0.5,,,98.9,,
616,2020-03-27 6:00,10.1,321.4,1.5,0,,,98.9,,
616,2020-03-27 7:00,9.3,315.7,3.6,0,,,98.3,,
616,2020-03-27 8:00,8.8,313.2,2.3,0,,,96.4,,
616,2020-03-27 9:00,8.4,321.3,4.8,0,,,91.7,,
616,2020-03-27 10:00,8.6,318.3,4,0,,,84.7,,
616,2020-03-27 11:00,10.1,319.3,4.1,0,,,81.6,,
616,2020-03-27 12:00,10.7,326.9,4.7,0,,,72.7,,
616,2020-03-27 13:00,11,310.3,4,0,,,68.7,,
616,2020-03-27 14:00,11,320,4.5,0,,,60.7,,
616,2020-03-27 15:00,11.1,288.1,3.5,0,,,52.1,,
616,2020-03-27 16:00,10.6,274.7,3.4,0,,,50.4,,
616,2020-03-27 17:00,9.5,298.5,2.3,0,,,51.4,,
616,2020-03-27 18:00,8.3,306.6,2.5,0,,,52.1,,
616,2020-03-27 19:00,7.1,308.3,1.4,0,,,56.2,,
616,2020-03-27 20:00,6.4,226.6,1.4,0,,,55.2,,
616,2020-03-27 21:00,6.5,303.8,2,0,,,47.9,,
616,2020-03-27 22:00,6.7,313.3,3.2,0,,,48.4,,
616,2020-03-27 23:00,6.6,318.8,4,0,,,49.4,,
616,2020-03-28 0:00,6.6,320.4,5,0,,,46.3,,
616,2020-03-28 1:00,6.7,323,4.7,0,,,46,,
616,2020-03-28 2:00,6.5,328.9,3.6,0,,,45.6,,
616,2020-03-28 3:00,6,324.2,3.4,0,,,39.6,,
616,2020-03-28 4:00,6.1,341.9,4,0,,,30.5,,
616,2020-03-28 5:00,5.7,356.3,5.1,0,,,25.8,,
616,2020-03-28 6:00,4.8,343.6,2.9,0,,,32.8,,
616,2020-03-28 7:00,5,340.1,4.2,0,,,28.7,,
616,2020-03-28 8:00,5.2,333.9,3.5,0,,,33.1,,
616,2020-03-28 9:00,5.6,335.1,4.4,0,,,32.2,,
616,2020-03-28 10:00,6.1,352.6,5.2,0,,,30.4,,
616,2020-03-28 11:00,6.6,349.1,4.2,0,,,30,,
616,2020-03-28 12:00,7.7,354.2,3.9,0,,,30.9,,
616,2020-03-28 13:00,8.5,334,3.4,0,,,27.8,,
616,2020-03-28 14:00,9.2,354.8,4.3,0,,,30.4,,
616,2020-03-28 15:00,9.1,318.8,5.2,0,,,25.3,,
616,2020-03-28 16:00,9,313.3,4.6,0,,,29.9,,
616,2020-03-28 17:00,8.2,322.3,4.3,0,,,29.1,,
616,2020-03-28 18:00,7.7,315.5,4.1,0,,,26.3,,
616,2020-03-28 19:00,6.8,317.1,2.5,0,,,31.8,,
616,2020-03-28 20:00,5,198.5,1.1,0,,,55.6,,
616,2020-03-28 21:00,4,226.1,0.5,0,,,64.7,,
616,2020-03-28 22:00,4.2,289.5,0.9,0,,,59.8,,
616,2020-03-28 23:00,3.7,287.7,0.9,0,,,57.7,,
616,2020-03-29 0:00,3.3,267.9,1,0,,,60.2,,
616,2020-03-29 1:00,2,236.6,0.9,0,,,70.7,,
616,2020-03-29 2:00,2,231,1.3,0,,,68.7,,
616,2020-03-29 3:00,1.5,225.6,1.6,0,,,69.5,,
616,2020-03-29 4:00,0.9,215.9,0.8,0,,,70.3,,
616,2020-03-29 5:00,0,197.2,0.5,0,,,73.5,,
616,2020-03-29 6:00,-0.6,0,0,0,,,79.6,,
616,2020-03-29 7:00,-0.8,0,0.3,0,,,83.2,,
616,2020-03-29 8:00,2.2,0,0,0,,,69.7,,
616,2020-03-29 9:00,6.4,92.2,1.4,0,,,46,,
616,2020-03-29 10:00,8.3,61.3,1.9,0,,,46.3,,
616,2020-03-29 11:00,11.3,179.4,0.8,0,,,43.2,,
616,2020-03-29 12:00,11.9,83,1.9,0,,,34.4,,
616,2020-03-29 13:00,13.7,198.4,2.4,0,,,30.1,,
616,2020-03-29 14:00,14.5,2.8,1.5,0,,,31.8,,
616,2020-03-29 15:00,13.3,313.5,4.7,0,,,37.8,,
616,2020-03-29 16:00,12.4,318,3.8,0,,,38,,
616,2020-03-29 17:00,11.5,260.1,1.8,0,,,36.3,,
616,2020-03-29 18:00,10.1,289.6,1.2,0,,,35.1,,
616,2020-03-29 19:00,8.3,219.1,1.4,0,,,38.4,,
616,2020-03-29 20:00,7.1,39.8,0.6,0,,,54.1,,
616,2020-03-29 21:00,6.2,225.1,0.6,0,,,62.2,,
616,2020-03-29 22:00,5,224.8,0.5,0,,,70.5,,
616,2020-03-29 23:00,4.6,194.4,0.5,0,,,57.9,,
616,2020-03-30 0:00,3.9,184.4,0.6,0,,,58.8,,
616,2020-03-30 1:00,4.2,202.9,1.7,0,,,62,,
616,2020-03-30 2:00,2.3,210.9,1,0,,,71.8,,
616,2020-03-30 3:00,2.7,0,0.4,0,,,78.1,,
616,2020-03-30 4:00,1.7,0,0.1,0,,,82.5,,
616,2020-03-30 5:00,1.4,0,0.2,0,,,86.3,,
616,2020-03-30 6:00,0.5,0,0.1,0,,,91.3,,
616,2020-03-30 7:00,1.2,150.8,1.2,0,,,91.9,,
616,2020-03-30 8:00,4.2,0,0.1,0,,,78.1,,
616,2020-03-30 9:00,7.2,323.8,0.8,0,,,41.6,,
616,2020-03-30 10:00,9.6,258.2,1.1,0,,,32.9,,
616,2020-03-30 11:00,11.6,306,1.8,0,,,25.5,,
616,2020-03-30 12:00,12.8,310.1,2.2,0,,,21.3,,
616,2020-03-30 13:00,14.3,307.9,2.2,0,,,26.2,,
616,2020-03-30 14:00,13.2,353.9,3.9,0,,,40.6,,
616,2020-03-30 15:00,13.3,2.2,3.5,0,,,32.3,,
616,2020-03-30 16:00,13.6,330.3,2.9,0,,,29,,
616,2020-03-30 17:00,11.8,318.9,3.8,0,,,39,,
616,2020-03-30 18:00,10,310.3,2.9,0,,,39.4,,
616,2020-03-30 19:00,8.2,330.7,1.7,0,,,42.9,,
616,2020-03-30 20:00,6.4,241.2,1,0,,,58.1,,
616,2020-03-30 21:00,5.6,234.3,1.3,0,,,65.5,,
616,2020-03-30 22:00,4,0,0.1,0,,,71.4,,
616,2020-03-30 23:00,4.2,0,0.3,0,,,70.3,,
616,2020-03-31 0:00,3.2,170.7,0.5,0,,,77.4,,
616,2020-03-31 1:00,2.6,0,0,0,,,81.2,,
616,2020-03-31 2:00,3,185.3,0.8,0,,,68.4,,
616,2020-03-31 3:00,2.9,207.2,1,0,,,65.8,,
616,2020-03-31 4:00,1.1,204.4,0.7,0,,,71,,
616,2020-03-31 5:00,0.5,0,0.3,0,,,72.4,,
616,2020-03-31 6:00,0.5,0,0.2,0,,,70.9,,
616,2020-03-31 7:00,0.6,0,0.1,0,,,74.8,,
616,2020-03-31 8:00,4.7,0,0.1,0,,,61.2,,
616,2020-03-31 9:00,8.2,40.9,1,0,,,54.7,,
616,2020-03-31 10:00,11,354.4,1.3,0,,,42.5,,
616,2020-03-31 11:00,13.5,358.4,1.9,0,,,36.1,,
616,2020-03-31 12:00,15.5,286.1,1.3,0,,,28.5,,
616,2020-03-31 13:00,16.1,338.7,3.5,0,,,38.7,,
616,2020-03-31 14:00,14.6,309.6,3.3,0,,,38.7,,
616,2020-03-31 15:00,15.1,320.6,2.6,0,,,31.5,,
616,2020-03-31 16:00,13.8,319.7,3.3,0,,,31.4,,
616,2020-03-31 17:00,12.6,311.2,2.5,0,,,31.9,,
616,2020-03-31 18:00,11.2,323.4,2.5,0,,,35.4,,
616,2020-03-31 19:00,9.8,295.5,0.6,0,,,43.5,,
616,2020-03-31 20:00,8.5,276,0.8,0,,,52.3,,
616,2020-03-31 21:00,7.6,252.8,0.7,0,,,64.4,,
616,2020-03-31 22:00,6.9,195.4,1.3,0,,,71.5,,
616,2020-03-31 23:00,7.5,229.6,0.9,0,,,66.4,,
